Timestamp (Local),at7_nhx,at4_nhx,at6_nhx,plant_inf_q,at7_z2_do,at7_z3_do
10/1/2023 0:00,1.22,1.02,1.45,16.23,0.98,0.78
10/1/2023 0:20,1.17,0.98,1.41,16.29,0.8,0.68
10/1/2023 0:40,1.01,1.01,1.22,15.41,0.59,0.74
10/1/2023 1:00,0.79,0.94,0.98,14.51,0.71,0.79
10/1/2023 1:20,0.6,0.9,0.76,13.82,0.6,0.64
10/1/2023 1:40,0.42,0.9,0.76,13.35,0.53,0.45
10/1/2023 2:00,0.3,0.88,0.35,12.49,0.48,0.44
10/1/2023 2:20,0.25,0.89,0.15,11.4,0.44,0.43
10/1/2023 2:40,0.14,0.89,0.1,11.15,0.42,0.33
10/1/2023 3:00,0.11,0.89,0.02,11.14,0.32,0.3
10/1/2023 3:20,0.1,0.87,0.05,10.61,0.32,0.29
10/1/2023 3:40,0.12,0.88,0,10.04,0.33,0.32
10/1/2023 4:00,0.1,0.75,0.01,9.79,0.32,0.34
10/1/2023 4:20,0.08,0.65,0.02,9.02,0.3,0.34
10/1/2023 4:40,0.06,0.5,0,9.66,0.36,0.35
10/1/2023 5:00,0.02,0.36,0.01,9.32,0.39,0.29
10/1/2023 5:20,0.02,0.21,0.01,9.46,0.3,0.29
10/1/2023 5:40,0.03,0.09,0.01,9.28,0.27,0.39
10/1/2023 6:00,0.01,0.07,0,8.88,0.32,0.38
10/1/2023 6:20,0.01,0.02,0,9.06,0.27,0.55
10/1/2023 6:40,0.02,0.02,0.01,9.07,0.34,0.5
10/1/2023 7:00,0.01,0.02,0,9.29,0.31,0.59
10/1/2023 7:20,0.01,0.01,0,9.8,0.39,0.55
10/1/2023 7:40,0.02,0.01,0.03,10.02,0.37,0.69
10/1/2023 8:00,0.01,0.02,0,10.2,0.29,0.66
10/1/2023 8:20,0,0.02,0,11.05,0.26,0.68
10/1/2023 8:40,0.01,0.01,0.06,12.48,0.26,0.62
10/1/2023 9:00,0,0,0.23,13.71,0.27,0.63
10/1/2023 9:20,0.03,0.02,0.43,16.41,0.29,0.43
10/1/2023 9:40,0.03,0.01,0.44,14.96,0.3,0.32
10/1/2023 10:00,0.03,0.05,0.59,18.14,0.26,0.22
10/1/2023 10:20,0,0.14,0.86,18.53,0.33,0.2
10/1/2023 10:40,0.03,0.35,1.29,19.28,0.43,0.21
10/1/2023 11:00,0.45,0.68,2,20.14,0.31,0.25
10/1/2023 11:20,1.31,1.27,2.75,20.33,0.35,0.28
10/1/2023 11:40,2.09,1.95,3.37,21.34,0.37,0.36
10/1/2023 12:00,2.43,2.33,3.73,20.98,0.53,0.57
10/1/2023 12:20,2.79,2.52,3.79,20.13,0.56,0.77
10/1/2023 12:40,2.89,2.56,3.59,19.73,0.76,0.79
10/1/2023 13:00,2.65,2.61,3.24,19.84,0.83,0.85
10/1/2023 13:20,2.33,2.22,2.9,20.2,0.88,0.82
10/1/2023 13:40,2.11,1.72,2.58,19.55,0.97,0.83
10/1/2023 14:00,1.96,1.43,2.59,19.27,0.8,0.8
10/1/2023 14:20,1.82,1.16,2.6,18.91,0.92,0.76
10/1/2023 14:40,1.8,0.99,2.59,19.41,0.76,1.01
10/1/2023 15:00,1.82,0.92,2.64,18.98,0.9,0.77
10/1/2023 15:20,1.67,0.97,2.63,18.79,0.52,0.73
10/1/2023 15:40,1.55,1.11,2.59,18.6,1.02,0.68
10/1/2023 16:00,1.57,1.32,2.64,18.74,0.81,0.89
10/1/2023 16:20,1.53,1.49,2.51,18.6,0.58,0.88
10/1/2023 16:40,1.45,1.55,2.24,18.95,0.81,0.85
10/1/2023 17:00,1.32,1.75,1.97,18.62,0.61,0.78
10/1/2023 17:20,1.2,1.76,1.76,18.93,0.65,0.68
10/1/2023 17:40,1.15,1.79,1.66,18.91,0.71,0.58
10/1/2023 18:00,1.02,1.71,1.58,19.43,0.75,0.59
10/1/2023 18:20,0.87,1.64,1.5,19.75,0.61,0.75
10/1/2023 18:40,0.87,1.55,1.45,19.71,0.6,0.66
10/1/2023 19:00,0.89,1.35,1.47,19.86,0.53,0.51
10/1/2023 19:20,0.98,1.3,1.5,20.05,0.48,0.54
10/1/2023 19:40,1.14,1.26,1.42,20.45,0.48,0.52
10/1/2023 20:00,1.19,1.18,1.37,21.57,0.49,0.49
10/1/2023 20:20,1.24,1.12,1.36,22.4,0.46,0.53
10/1/2023 20:40,1.34,1.21,1.43,22.99,0.51,0.58
10/1/2023 21:00,1.41,1.34,1.52,23.54,0.59,0.56
10/1/2023 21:20,1.52,1.59,1.55,23.25,0.54,0.44
10/1/2023 21:40,1.86,1.85,1.72,23.19,0.46,0.61
10/1/2023 22:00,2.01,2.09,1.87,21.65,0.6,0.68
10/1/2023 22:20,2.08,2.39,1.99,21.97,0.73,0.85
10/1/2023 22:40,2.16,2.51,2.02,21.42,0.72,0.82
10/1/2023 23:00,2.08,2.43,1.97,19.53,0.95,0.87
10/1/2023 23:20,1.99,2.25,1.98,18.92,0.85,0.74
10/1/2023 23:40,1.95,2,2.01,19.3,0.77,0.74
10/2/2023 0:00,1.94,1.66,1.96,17.53,0.74,0.81
10/2/2023 0:20,1.77,1.52,1.89,16,0.52,0.9
10/2/2023 0:40,1.47,1.09,1.85,14.75,0.85,0.93
10/2/2023 1:00,1.21,0.66,1.55,13.86,0.49,0.78
10/2/2023 1:20,0.83,0.49,1.5,13.2,0.75,0.73
10/2/2023 1:40,0.53,0.49,1.5,12.8,0.55,0.52
10/2/2023 2:00,0.25,0.49,1.44,10.91,0.45,0.47
10/2/2023 2:20,0.1,0.05,0.09,10.89,0.39,0.36
10/2/2023 2:40,0.05,0.07,0.03,10.46,0.34,0.31
10/2/2023 3:00,0,0.04,-0.02,10.04,0.37,0.33
10/2/2023 3:20,0.01,0.03,-0.01,10.35,0.37,0.3
10/2/2023 3:40,0,0.03,-0.01,9,0.32,0.31
10/2/2023 4:00,0,0.04,-0.03,9.11,0.4,0.47
10/2/2023 4:20,-0.01,0.04,-0.01,8.64,0.36,0.48
10/2/2023 4:40,-0.02,0.03,-0.01,8.11,0.39,0.59
10/2/2023 5:00,0,0.04,-0.04,8.09,0.45,0.62
10/2/2023 5:20,0,0.01,-0.02,9.83,0.32,0.67
10/2/2023 5:40,-0.02,0.03,0.02,10.48,0.28,0.74
10/2/2023 6:00,-0.02,0.01,-0.04,9.75,0.26,0.74
10/2/2023 6:20,-0.01,0.01,-0.03,10.89,0.28,0.73
10/2/2023 6:40,-0.03,0.01,-0.01,11.42,0.3,0.73
10/2/2023 7:00,0,0.01,0.01,12.09,0.3,0.77
10/2/2023 7:20,-0.02,0.01,0,13.69,0.24,0.73
10/2/2023 7:40,-0.02,0.01,0.06,15.62,0.25,0.64
10/2/2023 8:00,0.01,0.02,0.07,17.12,0.28,0.55
10/2/2023 8:20,0.01,0.02,0.06,17.72,0.27,0.38
10/2/2023 8:40,-0.01,0.02,0.13,17.91,0.26,0.24
10/2/2023 9:00,0.02,0.05,0.43,17.5,0.25,0.2
10/2/2023 9:20,0.17,0.25,1.04,17.23,0.38,0.21
10/2/2023 9:40,0.29,0.54,1.69,17.05,0.34,0.2
10/2/2023 10:00,0.29,0.93,2.09,15.78,0.31,0.26
10/2/2023 10:20,0.65,1.3,2.29,16.85,0.33,0.26
10/2/2023 10:40,0.97,1.29,2.45,16.29,0.19,1.2
10/2/2023 11:00,0.98,1.25,2.39,17.15,0.34,0.46
10/2/2023 11:20,0.83,1.1,2.34,16.91,0.35,0.32
10/2/2023 11:40,0.87,0.94,2.23,16.57,0.3,0.31
10/2/2023 12:00,1.01,0.97,2.04,17.69,0.32,0.31
10/2/2023 12:20,1.17,1.04,1.93,15.28,0.34,0.32
10/2/2023 12:40,1.32,1.23,1.85,16.07,0.32,0.29
10/2/2023 13:00,1.45,1.44,1.86,15.77,0.31,0.25
10/2/2023 13:20,1.62,1.59,1.77,15.98,0.28,0.26
10/2/2023 13:40,1.88,1.65,1.78,15.52,0.33,0.26
10/2/2023 14:00,2.08,1.76,1.87,15.18,0.38,0.34
10/2/2023 14:20,2.11,1.79,1.9,15.46,0.42,0.39
10/2/2023 14:40,2.36,2.05,2.15,14.92,0.54,0.57
10/2/2023 15:00,2.08,2.14,2.14,14.39,0.58,0.59
10/2/2023 15:20,1.91,1.98,2.26,14.41,0.56,0.56
10/2/2023 15:40,1.7,1.67,2.35,14.57,0.59,0.6
10/2/2023 16:00,1.48,1.3,2.29,15,0.52,0.57
10/2/2023 16:20,1.28,0.98,2.21,15.19,0.48,0.45
10/2/2023 16:40,1.16,0.64,2.06,15.52,0.43,0.43
10/2/2023 17:00,1.15,0.54,1.98,14.98,0.37,0.35
10/2/2023 17:20,1.23,0.58,1.89,17.21,0.26,0.35
10/2/2023 17:40,1.35,0.8,1.76,16.92,0.31,0.34
10/2/2023 18:00,1.59,1.04,1.68,17.54,0.36,0.35
10/2/2023 18:20,1.91,1.29,1.81,17.18,0.48,0.44
10/2/2023 18:40,2.15,1.8,2.04,17.21,0.53,0.57
10/2/2023 19:00,2.4,2.15,2.04,17.83,0.41,0.61
10/2/2023 19:20,2.43,2.44,2.17,18.07,0.66,0.78
10/2/2023 19:40,2.26,2.84,2.26,19.64,0.76,0.82
10/2/2023 20:00,2.19,2.78,2.36,20.21,0.59,0.81
10/2/2023 20:20,2.11,2.35,2.36,22.35,0.79,0.69
10/2/2023 20:40,2.05,2.04,2.45,22.57,0.68,0.65
10/2/2023 21:00,2.14,1.64,2.61,22.75,0.65,0.73
10/2/2023 21:20,2.22,1.28,2.75,22.35,0.94,0.97
10/2/2023 21:40,2.3,1.06,2.76,22.1,0.95,0.95
10/2/2023 22:00,2.11,0.93,2.74,21.55,0.91,0.94
10/2/2023 22:20,2.07,0.84,2.5,21.04,0.74,0.91
10/2/2023 22:40,2.09,0.88,2.48,20.24,0.99,0.92
10/2/2023 23:00,1.97,0.94,2.46,19.43,0.86,0.96
10/2/2023 23:20,1.88,0.97,2.35,18.5,0.46,1.04
10/2/2023 23:40,1.66,1.13,2.2,17.58,0.88,1.11
10/3/2023 0:00,1.58,1.22,1.98,16.63,0.94,0.97
10/3/2023 0:20,1.33,1.29,1.75,15.34,0.89,0.92
10/3/2023 0:40,0.95,1.27,1.48,13.62,1.07,0.87
10/3/2023 1:00,0.59,1.22,1.12,13.45,0.62,0.69
10/3/2023 1:20,0.26,1.06,0.68,12.09,0.75,0.71
10/3/2023 1:40,0.12,1.06,0.68,11.28,0.67,0.54
10/3/2023 2:00,0.06,1.06,0.68,10.8,0.46,0.38
10/3/2023 2:20,0.01,0.55,0.06,10.31,0.37,0.38
10/3/2023 2:40,0.02,0.51,0.02,9.8,0.32,0.33
10/3/2023 3:00,0.01,0.36,0,9.9,0.34,0.28
10/3/2023 3:20,0,0.24,-0.01,8.93,0.38,0.3
10/3/2023 3:40,0.04,0.16,0.02,8.79,0.41,0.32
10/3/2023 4:00,0.01,0.09,0.02,8.6,0.43,0.37
10/3/2023 4:20,0.01,0.04,0,8.53,0.33,0.37
10/3/2023 4:40,0.03,0.04,0,8.87,0.45,0.42
10/3/2023 5:00,0.01,0.02,0.02,8.54,0.38,0.43
10/3/2023 5:20,0.02,0.03,0,8.46,0.31,0.47
10/3/2023 5:40,0.02,0.02,-0.01,8.58,0.31,0.53
10/3/2023 6:00,0.01,0.01,0.01,9.9,0.35,0.61
10/3/2023 6:20,0.01,0.01,0.03,10.29,0.25,0.65
10/3/2023 6:40,0.02,0.01,0,11.14,0.2,0.6
10/3/2023 7:00,0,0.02,0,12.06,0.27,0.6
10/3/2023 7:20,0.02,0,0.02,13.38,0.26,0.59
10/3/2023 7:40,0.02,0.04,0.05,15.42,0.29,0.51
10/3/2023 8:00,0.01,0.02,0.05,17.04,0.24,0.51
10/3/2023 8:20,0.02,0.01,0.05,18.05,0.26,0.43
10/3/2023 8:40,0.03,0.01,0.1,18.76,0.21,0.24
10/3/2023 9:00,0.01,0.04,0.36,18.17,0.25,0.2
10/3/2023 9:20,0.08,0.12,1.06,18.45,0.34,0.19
10/3/2023 9:40,0.27,0.41,1.79,18.56,0.31,0.23
10/3/2023 10:00,0.63,0.81,2.07,16.75,0.35,0.26
10/3/2023 10:20,1.04,1.14,2.48,16.73,0.32,0.3
10/3/2023 10:40,1.4,1.43,2.59,17.15,0.29,0.35
10/3/2023 11:00,1.56,1.53,2.57,16.33,0.29,0.35
10/3/2023 11:20,1.61,1.58,2.55,16.44,0.41,0.35
10/3/2023 11:40,1.6,1.62,2.36,15.85,0.36,0.35
10/3/2023 12:00,1.69,1.63,2.12,15.66,0.33,0.35
10/3/2023 12:20,1.8,1.61,1.92,15.03,0.4,0.33
10/3/2023 12:40,1.81,1.6,1.88,16.06,0.34,0.47
10/3/2023 13:00,1.8,1.48,1.92,16.39,0.47,0.46
10/3/2023 13:20,1.75,1.32,1.89,17.15,0.41,0.47
10/3/2023 13:40,1.74,1.38,1.93,17.38,0.41,0.46
10/3/2023 14:00,1.79,1.6,2.05,16.89,0.44,0.46
10/3/2023 14:20,1.79,1.52,2.29,16.72,0.5,0.48
10/3/2023 14:40,1.36,1.71,2.59,15.96,0.51,0.45
10/3/2023 15:00,1.68,1.91,2.74,15.84,0.48,0.46
10/3/2023 15:20,1.75,2.17,2.64,16.17,0.43,0.47
10/3/2023 15:40,1.95,2.18,2.56,15.65,0.4,0.48
10/3/2023 16:00,2.13,2.35,2.51,15.99,0.53,0.62
10/3/2023 16:20,2.24,2.06,2.43,15.73,0.6,0.66
10/3/2023 16:40,2.18,1.76,2.38,15.95,0.71,0.79
10/3/2023 17:00,2.08,1.48,2.24,14.93,0.73,0.88
10/3/2023 17:20,1.99,1.28,2.17,17.2,0.7,0.75
10/3/2023 17:40,1.91,1.11,2.23,17.48,0.63,0.75
10/3/2023 18:00,1.91,0.92,2.32,17.3,0.83,0.7
10/3/2023 18:20,1.94,0.94,2.46,17.9,0.75,0.68
10/3/2023 18:40,2.03,1.17,2.44,17.77,0.7,0.71
10/3/2023 19:00,2.05,1.33,2.23,18.55,0.91,0.74
10/3/2023 19:20,2.07,1.5,2.13,19.11,0.77,0.82
10/3/2023 19:40,2.05,1.6,1.88,19.16,0.96,0.87
10/3/2023 20:00,1.82,1.84,1.67,19.57,0.82,0.85
10/3/2023 20:20,1.62,1.93,1.56,20.44,0.95,0.84
10/3/2023 20:40,1.39,1.98,1.4,23.15,1.08,0.81
10/3/2023 21:00,1.36,1.95,1.47,22.66,0.75,0.96
10/3/2023 21:20,1.25,1.75,1.4,22.62,0.65,0.96
10/3/2023 21:40,1.14,1.48,1.41,21.91,0.77,0.73
10/3/2023 22:00,1.01,1.31,1.38,21.8,0.58,0.66
10/3/2023 22:20,0.89,1.09,1.27,21.62,0.68,0.52
10/3/2023 22:40,0.86,0.95,1.22,21.26,0.57,0.53
10/3/2023 23:00,0.97,0.86,1.37,20.07,0.61,0.5
10/3/2023 23:20,1.21,0.94,1.55,18.85,0.67,0.58
10/3/2023 23:40,1.34,1.09,1.72,18.5,0.65,0.71
10/4/2023 0:00,1.29,1.27,1.71,17.37,0.67,0.76
10/4/2023 0:20,1.2,1.49,1.45,16.12,0.56,0.64
10/4/2023 0:40,0.96,1.64,1.27,14.61,0.51,0.57
10/4/2023 1:00,0.76,1.8,1.01,13.61,0.59,0.47
10/4/2023 1:20,0.66,1.98,1.01,12.99,0.43,0.42
10/4/2023 1:40,0.49,1.98,1.01,11.66,0.44,0.42
10/4/2023 2:00,0.31,1.27,0.71,11.21,0.25,0.36
10/4/2023 2:20,0.24,0.73,0.08,11,0.32,0.32
10/4/2023 2:40,0.22,0.74,0.02,10.58,0.33,0.33
10/4/2023 3:00,0.15,0.35,0,10.13,0.34,0.31
10/4/2023 3:20,0.07,0.15,-0.01,10.15,0.34,0.3
10/4/2023 3:40,0.03,0.05,0.03,9.42,0.28,0.36
10/4/2023 4:00,0,0.04,-0.01,9.71,0.37,0.55
10/4/2023 4:20,-0.01,0.04,0.01,10.17,0.35,0.79
10/4/2023 4:40,-0.02,0,-0.03,9.82,0.37,0.96
10/4/2023 5:00,0,0,0.01,9.3,0.38,1.12
10/4/2023 5:20,-0.02,0.01,-0.01,10.56,0.24,1.12
10/4/2023 5:40,-0.02,0.01,-0.01,11.02,0.36,1.08
10/4/2023 6:00,-0.02,0,-0.01,10.88,0.22,1.22
10/4/2023 6:20,-0.03,0,-0.01,11.46,0.32,1.32
10/4/2023 6:40,-0.02,0.01,0,12.14,0.28,1.28
10/4/2023 7:00,-0.01,0.01,0.03,13.51,0.27,1.18
10/4/2023 7:20,-0.03,-0.01,0.18,14.56,0.28,1.07
10/4/2023 7:40,0.01,0.01,0.26,16.25,0.31,0.92
10/4/2023 8:00,-0.02,0.02,0.3,17.82,0.32,0.72
10/4/2023 8:20,-0.01,-0.02,0.26,19.21,0.31,0.47
10/4/2023 8:40,0,0,0.3,19.18,0.32,0.25
10/4/2023 9:00,0.01,0.03,0.48,19.4,0.31,0.2
10/4/2023 9:20,0.16,0.12,0.59,19.3,0.34,0.2
10/4/2023 9:40,0.56,0.31,1.27,18.1,0.28,0.26
10/4/2023 10:00,1.12,0.74,2.09,18.59,0.33,0.27
10/4/2023 10:20,1.71,1.3,2.81,18.51,0.38,0.31
10/4/2023 10:40,2.17,1.74,3.29,17.83,0.39,0.42
10/4/2023 11:00,2.49,2.14,3.51,17.07,0.54,0.58
10/4/2023 11:20,2.6,2.4,3.75,16.87,0.69,0.6
10/4/2023 11:40,2.51,2.46,3.62,16.71,0.7,0.83
10/4/2023 12:00,2.19,2.23,3.31,16.67,0.81,0.82
10/4/2023 12:20,1.83,1.76,2.77,16.32,0.62,0.73
10/4/2023 12:40,1.57,1.26,2.43,15.68,0.59,0.63
10/4/2023 13:00,1.35,1.08,2.08,15.32,0.64,0.55
10/4/2023 13:20,1.3,0.56,1.79,15.7,0.61,0.57
10/4/2023 13:40,1.32,0.43,1.69,15.4,0.56,0.57
10/4/2023 14:00,1.37,0.38,1.75,15.25,0.55,0.58
10/4/2023 14:20,1.37,0.5,1.83,14.83,0.5,0.44
10/4/2023 14:40,1.37,0.76,1.79,14.77,0.57,0.41
10/4/2023 15:00,0.82,1.07,1.77,14.27,0.47,0.42
10/4/2023 15:20,1.09,1.41,1.79,14.19,0.47,0.41
10/4/2023 15:40,1.26,1.58,1.73,13.85,0.45,0.42
10/4/2023 16:00,1.37,1.85,1.62,14.27,0.45,0.54
10/4/2023 16:20,1.48,2.2,1.61,14.68,0.46,0.56
10/4/2023 16:40,1.52,2.17,1.57,15.02,0.42,0.53
10/4/2023 17:00,1.36,2.16,1.66,15.26,0.51,0.52
10/4/2023 17:20,1.35,2.05,1.58,16.8,0.31,0.39
10/4/2023 17:40,1.47,1.55,1.55,16.41,0.3,0.37
10/4/2023 18:00,1.85,1.28,1.66,16.73,0.48,0.43
10/4/2023 18:20,2.09,1.19,1.94,17.07,0.5,0.62
10/4/2023 18:40,2.28,1,2.16,17.46,0.6,0.64
10/4/2023 19:00,2.29,1.1,2.25,17.23,0.59,0.78
10/4/2023 19:20,2.28,1.15,2.27,17.02,0.76,0.83
10/4/2023 19:40,2.21,1.36,2.4,19.07,0.66,0.79
10/4/2023 20:00,2.1,1.56,2.5,19.75,0.68,0.74
10/4/2023 20:20,2.01,1.82,2.6,20.3,0.6,0.75
10/4/2023 20:40,2.02,2.34,2.73,22.11,0.6,0.69
10/4/2023 21:00,2.16,2.41,2.82,21.58,0.89,0.83
10/4/2023 21:20,2.19,2.81,3.05,21.54,0.97,0.89
10/4/2023 21:40,2.26,2.87,3.12,21.2,0.83,1.03
10/4/2023 22:00,2.29,2.69,3.16,20.83,0.68,0.92
10/4/2023 22:20,2.28,2.41,3.18,20.86,1.16,1.04
10/4/2023 22:40,2.25,2.07,3.06,20.06,1.01,0.95
10/4/2023 23:00,2.19,1.63,3.07,19.39,1.07,1.04
10/4/2023 23:20,2.29,1.15,3.01,18.55,1.56,1.09
10/4/2023 23:40,2.42,0.82,3,17.73,1.29,1.32
10/5/2023 0:00,2.27,0.47,2.92,16.73,0.93,1.35
10/5/2023 0:20,2.08,0.43,2.65,16.28,1.48,1.43
10/5/2023 0:40,1.7,0.47,2.44,14.28,0.9,1.32
10/5/2023 1:00,1.3,0.39,2.05,12.86,0.82,1.22
10/5/2023 1:20,0.81,0.42,1.77,11.92,1.53,1.22
10/5/2023 1:40,0.37,0.42,1.77,10.83,1.24,1.03
10/5/2023 2:00,0.1,0.42,0.26,10.26,0.7,0.76
10/5/2023 2:20,0.04,0.41,0.17,10.32,0.81,0.68
10/5/2023 2:40,0,0.31,0.03,10.32,0.67,0.6
10/5/2023 3:00,0.01,0.29,-0.01,9.6,0.62,0.52
10/5/2023 3:20,-0.03,0.27,0.03,9.2,0.49,0.57
10/5/2023 3:40,-0.02,0.25,-0.02,9.73,0.6,0.24
10/5/2023 4:00,0.01,0.24,-0.03,9.73,0.42,0.29
10/5/2023 4:20,-0.02,0.16,-0.02,8.92,0.32,0.37
10/5/2023 4:40,-0.02,0.09,-0.02,9.1,0.34,0.45
10/5/2023 5:00,-0.01,0.04,-0.02,9.01,0.44,0.5
10/5/2023 5:20,0,0.01,0.02,9.49,0.28,0.48
10/5/2023 5:40,-0.02,0,0.03,10.55,0.35,0.58
10/5/2023 6:00,-0.01,-0.01,0,10.58,0.44,0.43
10/5/2023 6:20,0,-0.01,-0.03,10.56,0.14,0.45
10/5/2023 6:40,-0.01,-0.01,-0.03,11.64,0.27,0.42
10/5/2023 7:00,-0.02,-0.01,-0.03,12.43,0.24,0.42
10/5/2023 7:20,-0.01,-0.01,-0.02,13.8,0.25,0.4
10/5/2023 7:40,0,-0.01,0.02,14.95,0.32,0.39
10/5/2023 8:00,0,-0.01,0.02,15.31,0.27,0.33
10/5/2023 8:20,0,-0.01,0,18.12,0.21,0.3
10/5/2023 8:40,0,-0.01,0,18.2,0.3,0.2
10/5/2023 9:00,0,0.03,0.02,18.16,0.29,0.18
10/5/2023 9:20,0.05,0.1,0.22,18.13,0.27,0.22
10/5/2023 9:40,0.21,0.23,0.62,17.42,0.32,0.24
10/5/2023 10:00,0.43,0.39,1,16.97,0.34,0.31
10/5/2023 10:20,0.67,0.63,1.14,16.99,0.31,0.32
10/5/2023 10:40,0.83,0.88,1.18,16.16,0.25,0.33
10/5/2023 11:00,0.91,1.04,1.22,16.45,0.3,0.31
10/5/2023 11:20,0.98,1.13,1.27,16.07,0.33,0.33
10/5/2023 11:40,1.02,1.09,1.38,16.6,0.35,0.33
10/5/2023 12:00,1.08,1.07,1.33,16.63,0.29,0.34
10/5/2023 12:20,1.15,1.2,1.3,16.06,0.38,0.34
10/5/2023 12:40,1.21,1.16,1.27,16.62,0.36,0.32
10/5/2023 13:00,1.28,1.15,1.44,17.2,0.28,0.3
10/5/2023 13:20,1.44,1.31,1.69,16.83,0.32,0.31
10/5/2023 13:40,1.66,1.53,1.97,16.37,0.37,0.3
10/5/2023 14:00,1.91,1.6,2.15,15.23,0.37,0.29
10/5/2023 14:20,2.05,1.81,2.23,15.52,0.48,0.45
10/5/2023 14:40,2.05,1.89,2.34,15.55,0.34,0.53
10/5/2023 15:00,1.58,1.88,2.42,16.1,0.49,0.58
10/5/2023 15:20,1.54,1.98,2.48,15.9,0.55,0.46
10/5/2023 15:40,1.69,1.85,2.47,15.33,0.5,0.44
10/5/2023 16:00,1.84,1.68,2.33,15.43,0.42,0.44
10/5/2023 16:20,2,1.48,2.11,15.59,0.38,0.42
10/5/2023 16:40,2.06,1.27,1.96,15.25,0.5,0.45
10/5/2023 17:00,2.07,1.07,1.97,15.39,0.52,0.65
10/5/2023 17:20,1.92,0.82,1.99,15.94,0.41,0.68
10/5/2023 17:40,1.74,0.74,1.62,16.61,0.45,0.64
10/5/2023 18:00,1.65,0.89,1.52,16.78,0.67,0.66
10/5/2023 18:20,1.63,1.18,1.78,16.41,0.51,0.52
10/5/2023 18:40,1.55,1.52,1.9,18.26,0.46,0.51
10/5/2023 19:00,1.56,1.8,1.81,19.95,0.56,0.51
10/5/2023 19:20,1.54,1.82,1.87,19.16,0.53,0.64
10/5/2023 19:40,1.51,2.1,1.81,18.76,0.49,0.64
10/5/2023 20:00,1.57,2.5,2.01,19.06,0.64,0.6
10/5/2023 20:20,1.68,2.57,2.08,19.48,0.61,0.52
10/5/2023 20:40,1.76,2.47,2.1,20.28,0.54,0.54
10/5/2023 21:00,1.85,2.13,1.99,19.94,0.71,0.65
10/5/2023 21:20,2.09,1.78,1.91,20.61,0.79,0.64
10/5/2023 21:40,2.14,1.39,2.04,20.52,0.78,0.85
10/5/2023 22:00,2.07,1.25,2.3,20.36,0.71,0.85
10/5/2023 22:20,2.08,1.17,2.48,19.66,0.84,0.85
10/5/2023 22:40,2,1.15,2.47,20.07,0.65,0.79
10/5/2023 23:00,2.25,1.21,2.39,19.65,0.86,0.86
10/5/2023 23:20,2.17,1.29,2.25,19.09,0.88,0.95
10/5/2023 23:40,2.09,1.41,2.24,17.46,1.22,1.07
10/6/2023 0:00,1.97,1.49,2.46,16.46,0.86,1.01
10/6/2023 0:20,1.72,1.46,2.45,15.16,0.95,0.98
10/6/2023 0:40,1.4,1.28,2.14,14.41,1.01,0.78
10/6/2023 1:00,1.19,1.11,1.69,13.46,0.89,0.83
10/6/2023 1:20,0.98,1.11,1.08,13.04,0.72,0.89
10/6/2023 1:40,0.55,1.11,1.08,12.45,0.84,0.71
10/6/2023 2:00,0.27,1.11,1.08,11.34,0.76,0.64
10/6/2023 2:20,0.18,0.22,0.23,10.71,0.55,0.59
10/6/2023 2:40,0.09,0.07,0.1,10.26,0.56,0.33
10/6/2023 3:00,0.01,0.02,-0.02,9.75,0.42,0.37
10/6/2023 3:20,-0.01,0.03,-0.05,10.11,0.31,0.48
10/6/2023 3:40,-0.01,0.01,-0.06,9.27,0.35,0.57
10/6/2023 4:00,0,0,-0.07,8.76,0.5,0.71
10/6/2023 4:20,-0.02,0.02,-0.07,8.56,0.36,0.83
10/6/2023 4:40,-0.01,-0.01,-0.07,8.33,0.34,0.87
10/6/2023 5:00,-0.01,0.01,-0.04,8.39,0.26,0.89
10/6/2023 5:20,-0.01,-0.01,-0.02,8.79,0.27,0.94
10/6/2023 5:40,-0.02,0.01,-0.05,9.02,0.39,0.95
10/6/2023 6:00,0,-0.01,-0.07,9.15,0.41,1.04
10/6/2023 6:20,0,0,-0.06,9.65,0.22,1
10/6/2023 6:40,-0.03,0,-0.04,10.79,0.3,1.03
10/6/2023 7:00,-0.02,0,-0.02,11.4,0.19,1.06
10/6/2023 7:20,0,0.01,-0.01,13,0.26,1.02
10/6/2023 7:40,-0.01,-0.01,-0.05,17.75,-0.01,0.02
10/6/2023 8:00,-0.02,0.01,0.01,10.69,-0.01,0.02
10/6/2023 8:20,0.03,0.02,0.1,15.5,-0.01,0.07
10/6/2023 8:40,0.08,0.02,0.7,19.28,0.12,1.05
10/6/2023 9:00,1.07,0.57,2.28,18.3,0.14,0.48
10/6/2023 9:20,1.12,0.55,2.43,17.85,0.18,0.35
10/6/2023 9:40,1.5,0.45,2.4,17.45,0.23,0.3
10/6/2023 10:00,2.18,0.75,2.6,18.63,0.36,0.26
10/6/2023 10:20,2.72,1.27,3.1,18.41,0.41,0.35
10/6/2023 10:40,2.84,1.78,3.42,18.2,0.71,0.59
10/6/2023 11:00,2.84,2.28,3.4,18.29,0.86,0.81
10/6/2023 11:20,2.52,2.55,3.07,18.53,0.72,0.88
10/6/2023 11:40,2.01,2.57,2.65,18.54,0.77,0.76
10/6/2023 12:00,1.81,2.52,2.18,17.67,0.67,0.58
10/6/2023 12:20,1.53,2.33,1.9,17.46,0.48,0.57
10/6/2023 12:40,1.44,1.8,1.75,17.31,0.8,0.59
10/6/2023 13:00,1.41,1.32,1.76,18.06,0.64,0.57
10/6/2023 13:20,1.39,0.93,1.66,17.79,0.6,0.59
10/6/2023 13:40,1.37,0.68,1.62,17.88,0.54,0.55
10/6/2023 14:00,1.43,0.53,1.56,18.43,0.46,0.58
10/6/2023 14:20,1.52,0.62,1.64,17.72,0.5,0.57
10/6/2023 14:40,1.51,0.77,1.74,17.38,0.66,0.56
10/6/2023 15:00,1.56,1,1.96,17.49,0.66,0.57
10/6/2023 15:20,1.58,1.29,1.94,16.71,0.65,0.55
10/6/2023 15:40,1.49,1.47,1.82,17.01,0.4,0.57
10/6/2023 16:00,1.36,1.74,1.73,17.3,0.67,0.57
10/6/2023 16:20,1.24,1.92,1.57,17.32,0.62,0.59
10/6/2023 16:40,1.17,2.01,1.37,17.09,0.43,0.59
10/6/2023 17:00,1.08,2.15,1.27,17.15,0.55,0.49
10/6/2023 17:20,0.95,2.2,1.2,17.48,0.38,0.47
10/6/2023 17:40,0.99,2.04,1.13,17.33,0.46,0.39
10/6/2023 18:00,1.1,1.76,1.19,19.05,0.42,0.34
10/6/2023 18:20,1.19,1.44,1.12,19.93,0.36,0.34
10/6/2023 18:40,1.41,1.16,1.12,19,0.35,0.36
10/6/2023 19:00,1.68,0.97,1.12,19.05,0.53,0.43
10/6/2023 19:20,1.89,0.86,1.38,18.8,0.46,0.56
10/6/2023 19:40,2.12,0.98,1.59,19.14,0.52,0.63
10/6/2023 20:00,1.88,1.19,1.99,19.68,0.55,0.67
10/6/2023 20:20,1.67,1.43,2.11,19.87,0.7,0.6
10/6/2023 20:40,1.62,1.71,2.03,19.98,0.6,0.58
10/6/2023 21:00,1.54,1.96,1.8,19.59,0.56,0.56
10/6/2023 21:20,1.56,2.21,1.74,18.92,0.59,0.53
10/6/2023 21:40,1.55,2.49,1.76,18.41,0.41,0.54
10/6/2023 22:00,1.65,2.57,1.74,17.97,0.52,0.55
10/6/2023 22:20,1.6,2.39,1.78,17.46,0.49,0.56
10/6/2023 22:40,1.59,2.1,1.78,17.62,0.75,0.56
10/6/2023 23:00,1.57,1.68,1.77,17.21,0.55,0.58
10/6/2023 23:20,1.5,1.15,1.63,17.12,0.44,0.58
10/6/2023 23:40,1.4,0.96,1.61,16.81,0.6,0.54
10/7/2023 0:00,1.22,0.61,1.41,16.36,0.44,0.55
10/7/2023 0:20,1.09,0.39,1.34,15.47,0.49,0.59
10/7/2023 0:40,1.01,0.3,1.19,14.39,0.52,0.42
10/7/2023 1:00,0.93,0.34,0.96,13.4,0.38,0.34
10/7/2023 1:20,0.87,0.41,0.7,13.07,0.36,0.36
10/7/2023 1:40,0.86,0.41,0.7,12.12,0.4,0.35
10/7/2023 2:00,0.69,0.41,0.7,11.79,0.32,0.32
10/7/2023 2:20,0.56,0.43,0.41,11.39,0.27,0.31
10/7/2023 2:40,0.44,0.6,0.07,10.79,0.29,0.33
10/7/2023 3:00,0.27,0.48,0.02,10.7,0.37,0.28
10/7/2023 3:20,0.15,0.32,0,10.28,0.41,0.35
10/7/2023 3:40,0.05,0.18,0,10.28,0.36,0.36
10/7/2023 4:00,0.01,0.07,-0.03,9.35,0.24,0.45
10/7/2023 4:20,-0.01,0.03,-0.02,8.74,0.37,0.71
10/7/2023 4:40,0.01,0.02,0.02,9.19,0.38,0.75
10/7/2023 5:00,-0.01,0.02,0.01,8.64,0.28,0.8
10/7/2023 5:20,-0.01,0.03,-0.02,9.59,0.3,0.81
10/7/2023 5:40,0,0.01,-0.03,8.53,0.3,0.81
10/7/2023 6:00,-0.01,0.03,-0.02,8.97,0.31,0.97
10/7/2023 6:20,0,0,0,8.57,0.37,0.87
10/7/2023 6:40,-0.01,0.03,-0.02,8.7,0.29,0.96
10/7/2023 7:00,-0.01,0,-0.04,8.79,0.24,0.9
10/7/2023 7:20,-0.02,0.03,-0.03,8.96,0.39,0.93
10/7/2023 7:40,-0.01,0.02,0,9.79,0.25,1.02
10/7/2023 8:00,0.03,0.03,-0.01,10.09,0.26,0.99
10/7/2023 8:20,0.01,0.03,-0.03,11.4,0.41,1.03
10/7/2023 8:40,0,0.03,-0.04,12.62,0.26,1.04
10/7/2023 9:00,-0.03,0.01,-0.03,13.78,0.17,0.95
10/7/2023 9:20,0.01,0.02,-0.02,15.52,0.26,0.9
10/7/2023 9:40,-0.03,0.02,-0.01,17.4,0.3,0.76
10/7/2023 10:00,-0.03,0.02,0.08,17.71,0.34,0.65
10/7/2023 10:20,-0.03,0.01,0.22,16.43,0.16,0.52
10/7/2023 10:40,-0.04,0.02,0.4,18.08,0.23,0.31
10/7/2023 11:00,0.01,0.09,0.52,19.28,0.24,0.24
10/7/2023 11:20,0.17,0.24,0.68,19.79,0.33,0.22
10/7/2023 11:40,0.25,0.31,1.1,19.8,0.32,0.21
10/7/2023 12:00,0.65,0.58,1.8,20.2,0.29,0.24
10/7/2023 12:20,1.13,0.87,2.63,20.35,0.34,0.27
10/7/2023 12:40,1.57,1.27,3.29,20.37,0.45,0.32
10/7/2023 13:00,1.99,1.71,3.57,19.25,0.42,0.45
10/7/2023 13:20,2.29,2.12,3.39,19.66,0.51,0.64
10/7/2023 13:40,2.4,2.19,3.21,20,0.77,0.68
10/7/2023 14:00,2.32,2.29,2.96,19.78,0.44,0.69
10/7/2023 14:20,2.11,2.19,2.65,19.34,0.68,0.68
10/7/2023 14:40,2.08,1.98,2.5,19.19,0.7,0.68
10/7/2023 15:00,2.16,1.82,2.45,19.21,0.97,0.66
10/7/2023 15:20,2.22,1.67,2.43,19.13,0.77,0.78
10/7/2023 15:40,2.28,1.47,2.5,18.82,0.99,0.81
10/7/2023 16:00,2.22,1.35,2.43,18.62,0.73,0.87
10/7/2023 16:20,2.13,1.32,2.46,19.83,0.89,0.87
10/7/2023 16:40,2.05,1.34,2.47,18.87,0.89,0.88
10/7/2023 17:00,1.96,1.34,2.5,18.43,0.85,0.85
10/7/2023 17:20,1.91,1.36,2.25,18.12,0.72,0.9
10/7/2023 17:40,1.89,1.32,2.16,18.85,0.97,1.15
10/7/2023 18:00,1.85,1.3,2.02,18.7,1.1,0.98
10/7/2023 18:20,1.74,1.32,2.01,18.26,1.03,0.8
10/7/2023 18:40,1.74,1.41,2.17,17.85,0.88,0.89
10/7/2023 19:00,1.62,1.41,2.22,17.72,0.83,0.96
10/7/2023 19:20,1.64,1.5,2.17,17.36,0.87,0.95
10/7/2023 19:40,1.65,1.56,2.09,17.39,0.87,0.87
10/7/2023 20:00,1.6,1.55,1.96,17.66,1,0.81
10/7/2023 20:20,1.5,1.54,1.84,17.62,0.94,0.96
10/7/2023 20:40,1.47,1.45,1.69,17.78,0.95,1.02
10/7/2023 21:00,1.37,1.35,1.51,17.49,0.98,0.89
10/7/2023 21:20,1.29,1.31,1.45,17.6,0.69,0.71
10/7/2023 21:40,1.2,1.25,1.36,17.46,0.8,0.77
10/7/2023 22:00,1.19,1.23,1.45,16.82,0.82,0.9
10/7/2023 22:20,1.22,1.24,1.52,17,0.8,0.93
10/7/2023 22:40,1.17,1.2,1.54,16.85,0.8,0.76
10/7/2023 23:00,1.16,1.24,1.47,16.61,0.73,0.76
10/7/2023 23:20,1.12,1.34,1.36,15.86,0.76,0.72
10/7/2023 23:40,1.11,1.36,1.3,15.28,0.8,0.76
10/8/2023 0:00,1.12,1.4,1.27,14.63,0.72,0.68
10/8/2023 0:20,1,1.57,1.14,15.07,0.62,0.58
10/8/2023 0:40,0.83,1.53,0.91,13.89,0.64,0.58
10/8/2023 1:00,0.77,1.51,0.66,13.09,0.57,0.64
10/8/2023 1:20,0.68,1.32,0.52,12.19,0.65,0.5
10/8/2023 1:40,0.48,1.32,0.52,11.58,0.49,0.4
10/8/2023 2:00,0.31,1.32,0.52,11.09,0.29,0.37
10/8/2023 2:20,0.23,0.68,0.11,10.71,0.28,0.35
10/8/2023 2:40,0.18,0.4,0.04,10.62,0.29,0.27
10/8/2023 3:00,0.14,0.22,0.02,10.38,0.29,0.3
10/8/2023 3:20,0.09,0.12,0.01,10.01,0.34,0.39
10/8/2023 3:40,0.04,0.07,0,10.38,0.34,0.44
10/8/2023 4:00,0.01,0.02,0,8.89,0.33,0.54
10/8/2023 4:20,-0.01,0.01,-0.01,8.43,0.34,0.7
10/8/2023 4:40,-0.01,0,0,8.17,0.44,0.85
10/8/2023 5:00,-0.01,0,0,7.14,0.25,0.92
10/8/2023 5:20,-0.01,0,-0.01,8.41,0.34,1.01
10/8/2023 5:40,-0.01,0,-0.01,9.02,0.27,1.03
10/8/2023 6:00,-0.01,0.01,0,8.2,0.27,1.08
10/8/2023 6:20,-0.01,0,0,7.89,0.44,1.16
10/8/2023 6:40,-0.01,0.01,0,8.01,0.35,1.22
10/8/2023 7:00,0,-0.01,0,8.01,0.2,1.3
10/8/2023 7:20,-0.01,0,-0.01,8.45,0.37,1.21
10/8/2023 7:40,-0.01,0,0,8.63,0.32,1.15
10/8/2023 8:00,0.04,-0.01,-0.01,9.15,0.18,1.31
10/8/2023 8:20,0.01,-0.01,-0.01,9.99,0.25,1.23
10/8/2023 8:40,-0.01,-0.01,0,11.34,0.35,1.28
10/8/2023 9:00,-0.03,-0.01,-0.01,12.41,0.23,1.19
10/8/2023 9:20,-0.02,-0.01,0,13.72,0.28,1.06
10/8/2023 9:40,-0.01,-0.01,0.01,14.65,0.29,0.99
10/8/2023 10:00,-0.02,0,0.04,16.13,0.32,0.83
10/8/2023 10:20,-0.02,0.01,0.03,23.56,0.01,0.04
10/8/2023 10:40,0,-0.01,0.01,16.04,-0.01,0.02
10/8/2023 11:00,-0.01,0.03,0.14,16.22,0.28,0.77
10/8/2023 11:20,0.24,0.21,0.35,13.66,0.17,0.36
10/8/2023 11:40,0.36,0.34,0.98,17.29,0.27,0.33
10/8/2023 12:00,0.7,0.36,1.72,18.95,0.31,0.32
10/8/2023 12:20,1.32,0.77,2.73,19.03,0.27,0.31
10/8/2023 12:40,2.19,1.41,3.77,19.17,0.41,0.29
10/8/2023 13:00,2.98,2.2,4.47,18.91,0.39,0.42
10/8/2023 13:20,3.61,3.22,4.7,18.73,0.92,0.8
10/8/2023 13:40,3.75,3.61,4.61,18.8,1.03,1.08
10/8/2023 14:00,3.66,3.89,4.21,18.7,0.88,1.21
10/8/2023 14:20,3.3,3.47,3.87,18.12,0.83,1.22
10/8/2023 14:40,2.97,3.13,3.52,18.15,1.44,1.28
10/8/2023 15:00,2.68,2.56,3.23,17.98,1.39,1.07
10/8/2023 15:20,2.71,1.99,3.13,17.7,1.32,1.11
10/8/2023 15:40,2.62,1.52,2.96,17.25,1.22,1.37
10/8/2023 16:00,2.61,1.08,3.02,17.24,1.24,1.36
10/8/2023 16:20,2.35,0.74,2.88,17.39,1.49,1.39
10/8/2023 16:40,2.18,0.59,2.76,17.24,1.26,1.38
10/8/2023 17:00,2.03,0.45,2.53,17.71,1.42,1.37
10/8/2023 17:20,1.82,0.35,2.34,18.65,1.51,1.2
10/8/2023 17:40,1.52,0.36,2.15,19.02,1.53,1.13
10/8/2023 18:00,1.11,0.36,1.91,18.39,1.33,1.15
10/8/2023 18:20,0.94,0.43,1.68,18.15,1.24,1.16
10/8/2023 18:40,0.83,0.51,1.53,17.81,0.74,0.94
10/8/2023 19:00,0.92,0.6,1.45,18.42,1.29,1.29
10/8/2023 19:20,0.78,0.7,1.35,18.32,1.1,1.07
10/8/2023 19:40,0.66,0.85,1.35,18.65,0.97,0.97
10/8/2023 20:00,0.53,1.08,1.22,18.61,0.86,0.71
10/8/2023 20:20,0.59,1.42,1.14,19.21,0.66,0.84
10/8/2023 20:40,0.68,1.83,0.98,20.07,0.69,0.84
10/8/2023 21:00,0.79,2.09,1.05,20.44,0.63,0.76
10/8/2023 21:20,0.87,2.46,1.21,20.31,0.66,0.76
10/8/2023 21:40,1.12,2.79,1.43,20.1,0.77,0.72
10/8/2023 22:00,1.48,3.2,1.68,20.01,0.81,0.84
10/8/2023 22:20,1.95,3.04,1.99,18.93,0.83,0.89
10/8/2023 22:40,2.31,2.91,2.29,18.65,1.04,0.98
10/8/2023 23:00,2.51,2.69,2.56,18.05,1.03,1.21
10/8/2023 23:20,2.76,2.33,2.62,16.99,1.25,1.27
10/8/2023 23:40,2.74,1.89,2.57,16.52,1.29,1.28
10/9/2023 0:00,2.56,1.52,2.48,14.81,1.52,1.33
10/9/2023 0:20,2.2,1.15,2.36,14.39,0.68,1.33
10/9/2023 0:40,1.9,0.71,2.17,13.34,1.63,1.47
10/9/2023 1:00,1.5,0.46,1.8,12.46,1.14,1.22
10/9/2023 1:20,1.04,0.22,1.42,11.91,1.11,1.11
10/9/2023 1:40,0.62,0.22,1.42,11.6,1.13,1.16
10/9/2023 2:00,0.28,0.22,1.42,11.24,1.11,0.65
10/9/2023 2:20,0.12,0.15,0.24,10.46,0.82,1.09
10/9/2023 2:40,0.06,0.06,0.17,10.63,0.81,0.63
10/9/2023 3:00,0.02,0.03,0.04,8.84,0.69,0.42
10/9/2023 3:20,0.01,0.03,-0.01,8.47,0.5,0.89
10/9/2023 3:40,0,0.05,-0.02,8.1,0.62,0.58
10/9/2023 4:00,0.01,0.02,-0.02,7.85,0.42,0.56
10/9/2023 4:20,0.01,0.03,-0.02,8.12,0.31,0.62
10/9/2023 4:40,0.01,0.01,-0.03,8.27,0.28,0.58
10/9/2023 5:00,0.01,0.01,-0.03,7.88,0.32,0.62
10/9/2023 5:20,0.02,0.01,-0.03,8.44,0.39,0.71
10/9/2023 5:40,0.01,0.01,-0.03,7.98,0.27,0.72
10/9/2023 6:00,0,0.02,-0.03,8.13,0.33,0.77
10/9/2023 6:20,0.01,0.01,-0.03,8.26,0.31,0.79
10/9/2023 6:40,0,0.01,-0.03,9.53,0.22,0.89
10/9/2023 7:00,0.01,0.01,-0.03,9.92,0.28,0.79
10/9/2023 7:20,0.01,0.01,-0.03,10.67,0.3,0.77
10/9/2023 7:40,0.01,0.01,-0.03,12.54,0.26,0.89
10/9/2023 8:00,0,0.01,-0.03,12.98,0.25,0.75
10/9/2023 8:20,0.01,0.01,-0.03,14.44,0.27,0.78
10/9/2023 8:40,0.01,0,-0.02,15.35,0.31,0.65
10/9/2023 9:00,0.02,0,0.02,15.61,0.32,0.45
10/9/2023 9:20,0,0.04,0.06,15.31,0.35,0.26
10/9/2023 9:40,0.02,0.01,0.09,17.33,0.3,0.2
10/9/2023 10:00,0.07,0.05,0.31,16.78,0.28,0.22
10/9/2023 10:20,0.07,0.19,0.76,16.83,0.4,0.23
10/9/2023 10:40,0.04,0.34,1.21,16.67,0.31,0.24
10/9/2023 11:00,0.04,0.47,1.52,17.4,0.31,0.3
10/9/2023 11:20,0.6,0.54,1.7,16.57,0.29,0.29
10/9/2023 11:40,0.93,0.64,1.88,16.23,0.3,0.29
10/9/2023 12:00,1.16,0.81,2.32,15.98,0.28,0.3
10/9/2023 12:20,1.39,1.12,2.7,15.84,0.29,0.29
10/9/2023 12:40,1.75,1.28,2.86,16.48,0.36,0.31
10/9/2023 13:00,2.05,1.45,2.95,16.76,0.36,0.38
10/9/2023 13:20,2.32,1.81,3.05,16.5,0.46,0.47
10/9/2023 13:40,2.6,2.05,3.09,16.27,0.55,0.61
10/9/2023 14:00,2.8,2.14,3.23,17.22,0.58,0.75
10/9/2023 14:20,2.87,2.29,3.22,16.57,0.69,0.78
10/9/2023 14:40,2.91,2.31,3.27,16.52,0.82,0.78
10/9/2023 15:00,2.93,2.41,3.45,15.92,0.9,0.93
10/9/2023 15:20,3.07,2.34,3.65,15.85,0.97,0.99
10/9/2023 15:40,3.17,2.3,3.78,15.85,1.18,1.2
10/9/2023 16:00,3.04,2.26,3.73,16.24,1.24,1.3
10/9/2023 16:20,3.04,1.94,3.71,16.62,0.86,1.3
10/9/2023 16:40,3,1.79,3.58,16.74,1.44,1.27
10/9/2023 17:00,2.83,1.59,3.49,17,1.43,1.28
10/9/2023 17:20,2.59,1.44,3.34,18.64,1.01,1.3
10/9/2023 17:40,2.57,1.21,3.21,18.44,1.67,1.36
10/9/2023 18:00,2.58,1.2,3.26,17.77,1.37,1.42
10/9/2023 18:20,2.42,1.1,3.17,18.49,1.16,1.58
10/9/2023 18:40,2.21,1.19,3.14,18.39,1.73,1.54
10/9/2023 19:00,2.08,1.21,3.13,18.39,1.63,1.52
10/9/2023 19:20,2,1.29,2.93,18.59,1.47,1.59
10/9/2023 19:40,1.8,1.36,2.8,19.11,1.19,1.47
10/9/2023 20:00,1.62,1.39,2.63,19.7,1.85,1.46
10/9/2023 20:20,1.52,1.39,2.61,20.21,1.66,1.47
10/9/2023 20:40,1.35,1.49,2.45,20.06,1.27,1.5
10/9/2023 21:00,1.23,1.45,2.31,20.91,1.38,1.29
10/9/2023 21:20,1.22,1.49,2.21,21.4,1.1,1.39
10/9/2023 21:40,1.23,1.67,2.12,21.57,1.56,1.22
10/9/2023 22:00,1.36,1.76,2.1,21.2,1.66,1.21
10/9/2023 22:20,1.35,1.74,2.07,20.95,0.7,1.27
10/9/2023 22:40,1.23,1.68,1.88,19.85,0.96,1.42
10/9/2023 23:00,1.09,1.62,1.69,19.64,1.02,1.32
10/9/2023 23:20,0.85,1.37,1.52,18.8,1.75,1.48
10/9/2023 23:40,0.59,1.04,1.42,17.48,0.64,1.36
10/10/2023 0:00,0.45,0.83,1.05,16.52,1.8,1.32
10/10/2023 0:20,0.26,0.6,0.81,15.56,0.98,1.11
10/10/2023 0:40,0.15,0.37,0.57,14.19,1.08,0.7
10/10/2023 1:00,0.04,0.31,0.3,13.23,1.16,0.9
10/10/2023 1:20,0.01,0.25,0.3,12.21,0.71,0.91
10/10/2023 1:40,0,0.25,0.3,11.25,0.73,0.59
10/10/2023 2:00,0,0.25,0.19,10.52,0.79,0.59
10/10/2023 2:20,0,0.15,0.05,10.64,0.68,0.53
10/10/2023 2:40,0,0.09,0.01,10.33,0.68,0.32
10/10/2023 3:00,0.01,0.06,0,8.27,0.55,0.45
10/10/2023 3:20,0,0.05,0,7.86,0.24,0.44
10/10/2023 3:40,-0.01,0.03,0,7.31,0.3,0.4
10/10/2023 4:00,0,0.02,0,7.68,0.45,0.34
10/10/2023 4:20,0,0.02,0,7.52,0.31,0.4
10/10/2023 4:40,0,0.02,0,7.44,0.25,0.5
10/10/2023 5:00,-0.01,0.02,0,8.2,0.34,0.56
10/10/2023 5:20,0,0.02,0,9.2,0.42,0.62
10/10/2023 5:40,0.01,0.02,0,8.34,0.25,0.66
10/10/2023 6:00,0,0.02,0,8.45,0.4,0.75
10/10/2023 6:20,0.01,0.02,-0.01,9.17,0.2,0.79
10/10/2023 6:40,0,0.02,-0.01,9.75,0.35,0.78
10/10/2023 7:00,0.01,0.02,0,10.99,0.23,0.88
10/10/2023 7:20,0.01,0.02,-0.01,12.39,0.33,0.92
10/10/2023 7:40,0,0.01,0,13.69,0.21,0.83
10/10/2023 8:00,0,0.01,0,5.01,0.19,0.79
10/10/2023 8:20,0,0.02,-0.01,15.17,0.26,0.68
10/10/2023 8:40,-0.01,0.02,0,15.83,0.27,0.55
10/10/2023 9:00,-0.01,0.03,0,16.86,0.3,0.33
10/10/2023 9:20,0,0.02,0.02,17.49,0.32,0.24
10/10/2023 9:40,0.03,0.07,0.16,17,0.28,0.2
10/10/2023 10:00,0.16,0.14,0.39,16.26,0.33,0.23
10/10/2023 10:20,0.19,0.26,0.77,15.76,0.44,0.24
10/10/2023 10:40,0.19,0.35,1.11,16.1,0.37,0.29
10/10/2023 11:00,0.01,0.47,1.23,16.03,0.29,0.28
10/10/2023 11:20,0.16,0.6,1.42,16.08,0.2,0.29
10/10/2023 11:40,0.75,0.7,1.7,15.86,0.32,0.29
10/10/2023 12:00,1.06,0.9,1.86,15.19,0.33,0.27
10/10/2023 12:20,1.27,1.11,1.92,15.01,0.29,0.33
10/10/2023 12:40,1.51,1.22,1.97,15.2,0.33,0.35
10/10/2023 13:00,1.62,1.37,1.99,15.33,0.3,0.36
10/10/2023 13:20,1.72,1.58,2.03,15.64,0.31,0.37
10/10/2023 13:40,1.89,1.76,2.15,15.87,0.41,0.34
10/10/2023 14:00,2.12,2.05,2.27,15.44,0.36,0.34
10/10/2023 14:20,2.2,2.07,2.39,14.96,0.46,0.48
10/10/2023 14:40,2.49,2.44,2.62,14.44,0.47,0.7
10/10/2023 15:00,2.67,2.34,2.76,13.96,0.5,0.73
10/10/2023 15:20,2.58,2.27,2.81,13.3,0.98,0.71
10/10/2023 15:40,2.58,1.98,2.88,12.64,0.56,0.73
10/10/2023 16:00,2.47,1.85,2.77,13.14,0.88,0.96
10/10/2023 16:20,2.47,1.51,2.7,14.84,0.82,0.96
10/10/2023 16:40,2.27,1.03,2.62,15.11,0.96,0.8
10/10/2023 17:00,2.06,0.78,2.37,14.68,0.6,0.83
10/10/2023 17:20,1.71,0.51,2.23,15.9,0.84,0.83
10/10/2023 17:40,1.51,0.44,2.12,16.58,0.72,0.81
10/10/2023 18:00,1.4,0.52,2.13,17.13,0.53,0.76
10/10/2023 18:20,1.42,0.75,2.19,17.68,0.67,0.69
10/10/2023 18:40,1.53,1.1,2.27,17.68,0.83,0.63
10/10/2023 19:00,1.66,1.79,2.32,19.18,0.61,0.68
10/10/2023 19:20,1.91,2.24,2.36,19.39,0.74,0.87
10/10/2023 19:40,2.21,3.1,2.55,19.88,0.46,1.01
10/10/2023 20:00,2.51,3.65,2.75,19.12,0.92,1.01
10/10/2023 20:20,2.63,3.65,2.91,21.13,1.03,0.93
10/10/2023 20:40,2.68,3.53,2.95,21.25,1,1.12
10/10/2023 21:00,2.77,3.12,3.22,21.35,1.18,1.25
10/10/2023 21:20,3.3,2.93,3.5,21.21,1.28,1.2
10/10/2023 21:40,3.64,2.58,3.76,21.88,1.6,1.29
10/10/2023 22:00,3.68,2.42,3.94,22.16,1.8,1.66
10/10/2023 22:20,3.75,2.06,4.01,21.13,1.7,1.69
10/10/2023 22:40,3.64,1.93,4.01,20.64,1.92,1.79
10/10/2023 23:00,3.35,1.73,3.95,20.05,2.24,1.92
10/10/2023 23:20,3.19,1.49,3.9,19.43,1.97,1.98
10/10/2023 23:40,2.8,1.39,3.73,18.12,1.93,2.07
10/11/2023 0:00,2.42,1.23,3.6,16.73,2.06,2.16
10/11/2023 0:20,2,1.03,3.24,15.09,1.93,1.97
10/11/2023 0:40,1.55,0.69,3.04,14.13,2.41,2
10/11/2023 1:00,1.06,0.43,2.47,13.04,2.31,1.94
10/11/2023 1:20,0.57,0.16,2.09,12.14,1.73,2.25
10/11/2023 1:40,0.19,0.16,2.09,11.63,1.59,1.74
10/11/2023 2:00,0.03,0.16,2.09,10.66,1.56,1.44
10/11/2023 2:20,-0.01,0.06,0.07,10.4,1.41,0.72
10/11/2023 2:40,0,0.03,0.01,10.59,1.6,1.75
10/11/2023 3:00,-0.01,0.02,-0.06,8.63,1.42,0.84
10/11/2023 3:20,-0.02,0.02,-0.07,8.64,1.22,1.03
10/11/2023 3:40,0,0.02,-0.09,8.5,1.15,1.25
10/11/2023 4:00,0.01,0.02,-0.08,7.74,0.89,0.54
10/11/2023 4:20,-0.02,0.01,-0.08,7.54,0.92,0.93
10/11/2023 4:40,-0.01,0.02,-0.09,7.68,0.98,1.01
10/11/2023 5:00,-0.02,0.01,-0.08,7.58,0.74,0.38
10/11/2023 5:20,-0.01,0.01,-0.08,9.06,0.58,0.93
10/11/2023 5:40,-0.01,0.01,-0.08,9.55,0.66,0.7
10/11/2023 6:00,-0.01,0.01,-0.08,9.55,0.37,0.34
10/11/2023 6:20,-0.02,0.01,-0.08,9.92,0.53,0.37
10/11/2023 6:40,-0.02,0.02,-0.08,10.45,0.28,0.38
10/11/2023 7:00,-0.01,0.02,-0.08,11.42,0.27,0.41
10/11/2023 7:20,-0.01,0.01,-0.07,12.83,0.24,0.46
10/11/2023 7:40,-0.02,0.02,-0.08,14.27,0.17,0.41
10/11/2023 8:00,0,0.02,-0.04,16.18,0.22,0.39
10/11/2023 8:20,0.01,0.02,-0.06,16.23,0.25,0.3
10/11/2023 8:40,-0.02,0.01,-0.08,18.06,0.24,0.27
10/11/2023 9:00,-0.02,0.02,-0.08,17.79,0.29,0.21
10/11/2023 9:20,0.01,0.01,-0.06,17.69,0.36,0.19
10/11/2023 9:40,0.06,0.01,0.01,17.25,0.33,0.2
10/11/2023 10:00,0.2,0.04,0,16.52,0.3,0.28
10/11/2023 10:20,0.37,0.12,-0.04,16.28,0.31,0.29
10/11/2023 10:40,0.37,0.2,0.02,16.15,0.31,0.29
10/11/2023 11:00,0.04,0.27,0.17,16.68,0.32,0.3
10/11/2023 11:20,0.04,0.33,0.23,15.57,0.33,0.29
10/11/2023 11:40,0.44,0.43,0.29,16.02,0.31,0.29
10/11/2023 12:00,0.96,0.52,0.36,15.24,0.25,0.39
10/11/2023 12:20,1.15,0.6,0.54,14.81,0.34,0.39
10/11/2023 12:40,1.14,0.67,0.77,14.6,0.27,0.39
10/11/2023 13:00,1.21,0.78,0.96,14.64,0.32,0.34
10/11/2023 13:20,1.29,0.75,1.02,14.47,0.33,0.33
10/11/2023 13:40,1.32,0.79,1.11,14.04,0.33,0.28
10/11/2023 14:00,1.36,0.79,1.29,14.18,0.25,0.28
10/11/2023 14:20,1.49,0.88,1.39,13.68,0.31,0.27
10/11/2023 14:40,1.59,0.85,1.5,13.79,0.38,0.28
10/11/2023 15:00,1.75,0.86,1.51,13.54,0.39,0.3
10/11/2023 15:20,1.97,0.94,1.53,13.58,0.32,0.38
10/11/2023 15:40,1.96,0.95,1.62,13.86,0.4,0.46
10/11/2023 16:00,1.82,0.99,1.69,13.73,0.36,0.48
10/11/2023 16:20,1.73,0.97,1.6,14.1,0.46,0.49
10/11/2023 16:40,1.67,0.99,1.47,14.21,0.5,0.48
10/11/2023 17:00,1.59,1.05,1.36,14.14,0.48,0.48
10/11/2023 17:20,1.36,1.12,1.47,15.78,0.44,0.49
10/11/2023 17:40,1.32,1.13,1.48,15.46,0.42,0.5
10/11/2023 18:00,1.3,1.17,1.41,16.14,0.39,0.42
10/11/2023 18:20,1.39,1.24,1.43,18.07,0.3,0.4
10/11/2023 18:40,1.42,1.44,1.6,17.22,0.37,0.4
10/11/2023 19:00,1.61,1.71,1.94,17.48,0.31,0.4
10/11/2023 19:20,2,1.82,2.23,17.91,0.35,0.37
10/11/2023 19:40,2.32,2.21,2.49,18.01,0.51,0.41
10/11/2023 20:00,2.59,2.28,2.74,18.73,0.59,0.62
10/11/2023 20:20,2.72,2.73,2.87,18.88,0.75,0.82
10/11/2023 20:40,2.78,2.74,3.1,19.12,0.73,0.86
10/11/2023 21:00,2.9,2.89,3.31,19.88,0.88,0.89
10/11/2023 21:20,2.96,2.7,3.4,20.52,0.77,1.01
10/11/2023 21:40,2.88,2.2,3.48,20,1,1
10/11/2023 22:00,3.21,2.07,3.63,20.06,1.06,1.14
10/11/2023 22:20,3.37,2.01,3.91,19.88,1.22,1.25
10/11/2023 22:40,3.68,1.99,4.14,19.57,1.45,1.3
10/11/2023 23:00,3.81,2.01,4.23,19.13,1.69,1.5
10/11/2023 23:20,3.65,1.99,4.26,17.82,1.83,1.77
10/11/2023 23:40,3.46,1.9,4.17,16.98,1.92,1.87
10/12/2023 0:00,3.04,1.73,3.86,15.92,2.09,1.85
10/12/2023 0:20,2.62,1.5,3.45,14.82,2.21,1.84
10/12/2023 0:40,2.05,1.28,3,13.4,1.76,1.78
10/12/2023 1:00,1.53,0.88,2.44,12.35,1.9,1.83
10/12/2023 1:20,0.93,0.85,1.98,11.99,1.47,1.61
10/12/2023 1:40,0.45,0.85,1.98,11.13,1.48,1.59
10/12/2023 2:00,0.12,0.78,1.08,10.57,1.17,1.16
10/12/2023 2:20,0.05,0.07,0.24,10.55,1.21,0.94
10/12/2023 2:40,0.01,0.03,0.1,9.3,1.42,1.16
10/12/2023 3:00,-0.01,0.02,0.01,8.39,1.38,1.18
10/12/2023 3:20,0.02,0.02,-0.01,8.42,1.04,0.62
10/12/2023 3:40,-0.01,0.04,-0.01,8.27,0.89,1.13
10/12/2023 4:00,0,0.02,-0.02,8.16,0.87,0.65
10/12/2023 4:20,0,0.01,-0.01,7.9,0.61,0.57
10/12/2023 4:40,-0.02,0,-0.03,7.84,0.74,0.82
10/12/2023 5:00,0.02,0.04,0.01,8.11,0.52,0.71
10/12/2023 5:20,-0.01,0.01,-0.03,8.83,0.44,0.59
10/12/2023 5:40,0,0,0.02,8.18,0.53,0.62
10/12/2023 6:00,-0.01,0.01,-0.01,9.04,0.23,0.59
10/12/2023 6:20,0,0.02,0.02,9.38,0.22,0.64
10/12/2023 6:40,0.01,0,-0.03,10.22,0.31,0.59
10/12/2023 7:00,-0.01,0,-0.02,11.17,0.31,0.62
10/12/2023 7:20,-0.01,0.01,-0.01,12.79,0.22,0.62
10/12/2023 7:40,0.01,0.01,0,14.21,0.24,0.54
10/12/2023 8:00,-0.01,0.01,0.03,15.8,0.29,0.51
10/12/2023 8:20,0,0.01,-0.02,16.17,0.28,0.42
10/12/2023 8:40,-0.01,0.01,0.04,17.75,0.2,0.29
10/12/2023 9:00,0.02,0,-0.02,17.62,0.32,0.22
10/12/2023 9:20,0.03,0.01,-0.01,17.41,0.38,0.2
10/12/2023 9:40,0.16,0.01,0.04,17.19,0.3,0.21
10/12/2023 10:00,0.32,0.08,0.17,16.51,0.35,0.23
10/12/2023 10:20,-1.73,0.26,0.33,16.42,0.33,0.3
10/12/2023 10:40,-1.73,0.37,0.46,16.52,0.3,0.29
10/12/2023 11:00,-1.73,0.37,0.65,15.8,0.33,0.3
10/12/2023 11:20,0,0.37,0.97,15.92,0.27,0.28
10/12/2023 11:40,0.02,0.43,1.17,15.56,0.28,0.29
10/12/2023 12:00,0.77,0.53,1.36,16.04,0.33,0.29
10/12/2023 12:20,1.11,0.59,1.51,15.56,0.26,0.28
10/12/2023 12:40,1.31,0.67,1.7,15.3,0.32,0.31
10/12/2023 13:00,1.55,0.76,1.92,15.3,0.32,0.39
10/12/2023 13:20,1.72,0.9,2.07,14.81,0.28,0.4
10/12/2023 13:40,1.81,0.97,2.04,15.04,0.27,0.39
10/12/2023 14:00,1.68,1.14,2,15.47,0.47,0.38
10/12/2023 14:20,1.53,1.25,2.06,15.15,0.38,0.4
10/12/2023 14:40,1.79,1.44,1.73,14.68,0.39,0.37
10/12/2023 15:00,2.15,1.39,1.52,13.69,0.5,0.57
10/12/2023 15:20,2.18,1.36,1.85,13.15,0.49,0.57
10/12/2023 15:40,2.13,1.49,2.07,12.73,0.56,0.58
10/12/2023 16:00,1.99,1.64,2.28,13.25,0.5,0.61
10/12/2023 16:20,1.8,1.54,2.37,14.07,0.72,0.61
10/12/2023 16:40,1.68,1.61,2.4,14.83,0.58,0.62
10/12/2023 17:00,1.66,1.48,2.24,13.98,0.45,0.63
10/12/2023 17:20,1.55,1.5,2.16,16.76,0.48,0.64
10/12/2023 17:40,1.45,1.73,2.06,16.87,0.58,0.51
10/12/2023 18:00,1.5,1.68,2.03,16.54,0.48,0.49
10/12/2023 18:20,1.61,1.72,2.1,16.72,0.57,0.49
10/12/2023 18:40,1.87,1.97,2.18,17.16,0.49,0.65
10/12/2023 19:00,2.11,2.23,2.35,17.57,0.6,0.65
10/12/2023 19:20,2.25,2.25,2.66,17.48,0.51,0.84
10/12/2023 19:40,2.4,2.44,2.92,17.9,0.93,0.85
10/12/2023 20:00,2.56,2.18,3.02,18.62,0.94,0.87
10/12/2023 20:20,2.75,2.08,3.03,19.19,1.08,0.89
10/12/2023 20:40,2.71,1.97,2.99,20.08,0.91,1.09
10/12/2023 21:00,2.81,1.86,3.05,20.15,0.93,1.11
10/12/2023 21:20,2.89,1.7,3.06,19.76,1.35,1.2
10/12/2023 21:40,2.96,1.73,3.25,19.96,1.27,1.28
10/12/2023 22:00,3.17,1.61,3.52,19.61,1.4,1.39
10/12/2023 22:20,3.31,1.68,3.6,19.51,1.53,1.4
10/12/2023 22:40,3.45,1.79,3.78,19.63,1.36,1.63
10/12/2023 23:00,3.39,2.02,3.76,19.16,1.96,1.67
10/12/2023 23:20,3.23,2.13,3.81,18.52,1.88,1.69
10/12/2023 23:40,3.2,2.3,3.76,17.45,1.88,1.92
10/13/2023 0:00,3.02,2.05,3.5,16.21,1.73,1.97
10/13/2023 0:20,2.6,1.83,3.23,15.2,1.95,2.05
10/13/2023 0:40,2.2,1.75,2.94,13.91,1.32,1.89
10/13/2023 1:00,1.8,1.31,2.56,13.08,1.01,1.84
10/13/2023 1:20,1.32,1.04,2.37,11.33,2.5,1.81
10/13/2023 1:40,0.89,1.04,2.37,11.36,1.67,1.79
10/13/2023 2:00,0.44,0.17,2.37,10.69,1.52,1.66
10/13/2023 2:20,0.16,0.06,0.53,10.68,0.88,1.14
10/13/2023 2:40,0.01,0.02,0.28,10.23,1.55,1.18
10/13/2023 3:00,-0.02,0,0.08,9.41,1.39,1.47
10/13/2023 3:20,-0.01,0.01,0,9.06,1.21,0.91
10/13/2023 3:40,-0.02,-0.01,-0.03,8.59,1.09,0.91
10/13/2023 4:00,-0.04,-0.01,0.04,8.14,0.95,1.22
10/13/2023 4:20,-0.02,-0.01,-0.03,8.25,1.07,0.65
10/13/2023 4:40,-0.03,-0.01,-0.02,7.88,0.89,0.71
10/13/2023 5:00,-0.02,0.01,0.03,8.43,0.83,1
10/13/2023 5:20,-0.02,0.01,-0.03,9.13,0.64,0.5
10/13/2023 5:40,-0.04,0.01,-0.02,8.79,0.58,0.49
10/13/2023 6:00,-0.03,0.01,0.02,8.86,0.5,0.6
10/13/2023 6:20,-0.02,0,-0.02,9.41,0.5,0.64
10/13/2023 6:40,-0.02,-0.01,-0.02,9.75,0.28,0.57
10/13/2023 7:00,-0.02,-0.01,-0.03,11.39,0.37,0.58
10/13/2023 7:20,-0.02,-0.01,0.01,12.52,0.25,0.56
10/13/2023 7:40,-0.02,-0.01,-0.03,14.05,0.29,0.52
10/13/2023 8:00,-0.01,0.02,-0.02,15.35,0.34,0.35
10/13/2023 8:20,-0.02,0,-0.01,15.88,0.35,0.25
10/13/2023 8:40,0.02,-0.01,0.04,17.14,0.36,0.22
10/13/2023 9:00,0.17,0.01,0.1,18.61,0.35,0.21
10/13/2023 9:20,0.48,0.1,0.3,17.25,0.32,0.24
10/13/2023 9:40,1,0.41,0.64,16.52,0.3,0.29
10/13/2023 10:00,1.59,0.76,1.1,16.98,0.3,0.29
10/13/2023 10:20,2.05,0.89,1.47,16.97,0.38,0.36
10/13/2023 10:40,2.16,1.14,1.7,16.32,0.36,0.51
10/13/2023 11:00,2.16,1.41,2.1,15.68,0.54,0.5
10/13/2023 11:20,2.42,1.78,2.35,15.28,0.64,0.72
10/13/2023 11:40,2.65,1.99,2.59,15.3,0.72,0.73
10/13/2023 12:00,2.68,2.2,2.51,15.1,0.79,0.77
10/13/2023 12:20,2.73,2.43,2.51,15.81,0.78,0.8
10/13/2023 12:40,2.57,2.4,2.3,14.6,0.74,1.08
10/13/2023 13:00,2.51,2.14,2.37,14.8,0.94,0.95
10/13/2023 13:20,2.35,1.84,2.23,14.15,0.91,0.88
10/13/2023 13:40,2.27,1.56,2.08,14.12,0.82,0.91
10/13/2023 14:00,2.03,1.19,1.97,13.99,0.98,0.9
10/13/2023 14:20,1.89,1.02,2.12,14.08,1.17,0.93
10/13/2023 14:40,1.74,0.78,2.16,14.53,1.03,1.18
10/13/2023 15:00,1.63,0.71,2.03,13.9,1,1.02
10/13/2023 15:20,1.58,0.69,1.83,13.78,0.97,0.8
10/13/2023 15:40,1.55,0.74,1.8,13.77,0.64,0.79
10/13/2023 16:00,1.5,0.81,1.91,14.58,0.87,1.04
10/13/2023 16:20,1.5,0.99,1.95,14.6,0.91,0.93
10/13/2023 16:40,1.49,1.29,1.77,15.03,1.07,0.78
10/13/2023 17:00,1.44,1.59,1.59,15.09,0.92,0.82
10/13/2023 17:20,1.29,1.87,1.64,15.66,0.66,1.06
10/13/2023 17:40,1.44,2,1.66,15.88,1.13,0.9
10/13/2023 18:00,1.56,2.52,1.71,16.5,1.15,0.83
10/13/2023 18:20,1.44,3.02,1.73,16.8,0.77,0.83
10/13/2023 18:40,1.65,2.77,2.01,17.26,1.14,0.81
10/13/2023 19:00,1.59,2.66,2.12,18.34,0.89,1.03
10/13/2023 19:20,1.76,2.72,2.37,19,0.79,1.03
10/13/2023 19:40,2.2,2.19,2.51,18.74,1.03,1.02
10/13/2023 20:00,2.29,1.78,2.54,18.7,1.14,1.02
10/13/2023 20:20,2.3,1.43,2.64,19.09,1.12,1
10/13/2023 20:40,2.58,1.28,2.69,18.96,1.3,1.19
10/13/2023 21:00,2.63,1.07,2.74,18.89,0.95,1.31
10/13/2023 21:20,2.58,0.89,2.67,18.9,1.41,1.38
10/13/2023 21:40,2.47,0.87,2.61,18.77,1.55,1.37
10/13/2023 22:00,2.25,0.82,2.43,18.15,1.49,1.51
10/13/2023 22:20,1.93,0.79,2.3,17.93,1.55,1.39
10/13/2023 22:40,1.57,0.82,1.96,17.44,1.12,1.36
10/13/2023 23:00,1.25,0.81,1.77,16.57,1.65,1.35
10/13/2023 23:20,0.93,0.8,1.42,16.04,1.35,1.24
10/13/2023 23:40,0.69,0.72,1.11,15.26,1.06,1.21
10/14/2023 0:00,0.38,0.7,0.84,14.58,1.04,0.95
10/14/2023 0:20,0.18,0.61,0.67,14.39,1.31,1.01
10/14/2023 0:40,0.15,0.66,0.37,13.05,1.08,0.64
10/14/2023 1:00,0.03,0.6,0.12,12.69,0.82,0.86
10/14/2023 1:20,0.01,0.56,0.05,11.6,0.75,0.79
10/14/2023 1:40,-0.03,0.56,0.05,11.16,0.61,0.37
10/14/2023 2:00,-0.05,0.4,0.05,10.84,0.44,0.37
10/14/2023 2:20,-0.02,0.16,0.05,10.44,0.57,0.47
10/14/2023 2:40,-0.04,0.28,0.1,9.91,0.34,0.62
10/14/2023 3:00,-0.04,0.11,0.02,9.63,0.37,0.44
10/14/2023 3:20,-0.04,0.05,0.06,9.5,0.29,0.43
10/14/2023 3:40,-0.06,0,0.02,7.93,0.35,0.46
10/14/2023 4:00,-0.06,-0.02,0.04,7.74,0.49,0.46
10/14/2023 4:20,-0.07,-0.03,0.01,7.95,0.24,0.51
10/14/2023 4:40,-0.06,-0.02,0.02,7.74,0.42,0.56
10/14/2023 5:00,-0.05,-0.02,0.03,6.98,0.33,0.53
10/14/2023 5:20,-0.03,-0.03,0.02,8.95,0.38,0.58
10/14/2023 5:40,-0.05,0,0.02,8.56,0.18,0.59
10/14/2023 6:00,-0.05,-0.03,0.01,8.28,0.31,0.61
10/14/2023 6:20,-0.03,-0.02,0.02,8,0.41,0.59
10/14/2023 6:40,-0.06,-0.03,0.01,8,0.3,0.58
10/14/2023 7:00,-0.04,-0.02,0.02,8.45,0.26,0.6
10/14/2023 7:20,-0.04,-0.02,0.01,8.69,0.31,0.59
10/14/2023 7:40,-0.03,-0.02,0.02,9,0.33,0.63
10/14/2023 8:00,-0.05,-0.02,0.02,9.89,0.3,0.56
10/14/2023 8:20,-0.03,-0.01,0.06,10.95,0.33,0.55
10/14/2023 8:40,-0.05,-0.01,0.01,11.66,0.31,0.6
10/14/2023 9:00,-0.04,-0.02,0.01,13.34,0.3,0.58
10/14/2023 9:20,-0.05,-0.02,0.04,14.77,0.26,0.56
10/14/2023 9:40,-0.04,-0.03,0.06,15.92,0.31,0.45
10/14/2023 10:00,-0.03,-0.03,0.12,16.06,0.17,0.33
10/14/2023 10:20,-0.04,-0.02,0.32,17.96,0.28,0.27
10/14/2023 10:40,-0.01,-0.01,0.77,18.83,0.33,0.21
10/14/2023 11:00,0.24,-0.01,1.26,18.52,0.32,0.2
10/14/2023 11:20,0.62,0.06,1.75,19.02,0.24,0.22
10/14/2023 11:40,1.18,0.35,2.27,19.9,0.31,0.23
10/14/2023 12:00,1.76,0.71,2.78,20.9,0.33,0.3
10/14/2023 12:20,2.3,1,3.4,19.47,0.51,0.44
10/14/2023 12:40,2.84,1.5,4.03,21.27,0.47,0.61
10/14/2023 13:00,3.3,2.11,4.42,21.45,0.37,0.82
10/14/2023 13:20,3.84,2.77,4.78,21.16,1.07,1.01
10/14/2023 13:40,4.25,3.34,4.98,21.24,0.97,1.2
10/14/2023 14:00,4.25,3.95,5.01,20.95,1.4,1.34
10/14/2023 14:20,4.14,4.13,5.03,21.02,1.53,1.54
10/14/2023 14:40,4.16,4.15,4.93,20.56,1.45,1.53
10/14/2023 15:00,4.19,3.96,4.84,20.34,1.71,1.65
10/14/2023 15:20,4.05,3.76,4.64,20.58,2.12,1.75
10/14/2023 15:40,3.96,3.27,4.54,21.11,1.8,1.92
10/14/2023 16:00,3.73,2.94,4.38,20.84,2.1,1.88
10/14/2023 16:20,3.54,2.29,4.41,21.23,2.1,2.01
10/14/2023 16:40,3.41,2.1,4.3,21.94,2.16,1.95
10/14/2023 17:00,3.12,2.2,4.26,23.23,2.09,1.83
10/14/2023 17:20,2.98,1.9,4.21,25.17,2.22,1.94
10/14/2023 17:40,2.94,1.98,4.15,23.63,2.19,1.93
10/14/2023 18:00,2.91,1.82,4.12,23.27,2.28,1.96
10/14/2023 18:20,2.82,1.73,4.02,23.56,1.97,1.96
10/14/2023 18:40,2.79,1.79,3.92,24.07,2.26,1.96
10/14/2023 19:00,2.78,1.98,3.87,24.43,1.82,1.95
10/14/2023 19:20,2.77,1.95,3.85,23.23,2.09,2.02
10/14/2023 19:40,2.77,1.97,3.85,22.59,1.56,1.93
10/14/2023 20:00,2.73,2.02,3.82,21.73,1.83,1.95
10/14/2023 20:20,2.74,1.96,3.74,21.85,1.98,1.92
10/14/2023 20:40,2.75,1.86,3.71,22.35,1.85,1.96
10/14/2023 21:00,2.65,1.72,3.64,22.39,2.09,1.96
10/14/2023 21:20,2.56,1.67,3.57,21.61,1.75,1.96
10/14/2023 21:40,2.59,1.73,3.42,21.19,1.92,2
10/14/2023 22:00,2.53,1.6,3.47,20.21,2.2,1.94
10/14/2023 22:20,2.37,1.54,3.27,19.82,2.14,1.93
10/14/2023 22:40,2.27,1.3,3.07,18.72,1.96,1.82
10/14/2023 23:00,1.99,1.14,2.91,18.67,1.92,1.78
10/14/2023 23:20,1.72,0.87,2.66,17.91,2.11,1.92
10/14/2023 23:40,1.39,0.66,2.59,17.77,2.11,1.92
10/15/2023 0:00,1.04,0.43,2.27,17.07,1.51,1.98
10/15/2023 0:20,0.73,0.22,1.7,16.57,1.94,2.11
10/15/2023 0:40,0.47,0.13,1.26,16.12,1.66,2.23
10/15/2023 1:00,0.22,0.07,0.83,14.88,1.67,2.08
10/15/2023 1:20,0.04,0.04,0.74,13.96,1.61,1.72
10/15/2023 1:40,-0.03,0.04,0.74,13.08,1.6,1.39
10/15/2023 2:00,-0.03,0.04,0.74,12.68,1.36,1.17
10/15/2023 2:20,-0.05,0.04,0.06,12.21,1.19,1.28
10/15/2023 2:40,-0.06,0.03,0.02,11.75,1.21,1.07
10/15/2023 3:00,-0.05,0.02,0.01,10.77,1.13,0.58
10/15/2023 3:20,-0.05,0.02,0.01,10.56,1.18,0.9
10/15/2023 3:40,-0.04,0.02,0.02,10.48,0.83,1.21
10/15/2023 4:00,-0.06,0.02,0.01,9.83,0.98,0.51
10/15/2023 4:20,-0.05,0.02,0.01,9.03,0.76,0.55
10/15/2023 4:40,-0.05,0.02,0,9.05,0.6,1.02
10/15/2023 5:00,-0.04,0.02,0,8.08,0.64,0.34
10/15/2023 5:20,-0.03,0.02,0,9.28,0.61,0.48
10/15/2023 5:40,-0.04,0.01,0,9.18,0.37,0.47
10/15/2023 6:00,-0.04,0.01,0.01,9.33,0.36,0.53
10/15/2023 6:20,-0.05,0.02,0,8.92,0.33,0.49
10/15/2023 6:40,-0.04,0.02,0.01,8.51,0.34,0.35
10/15/2023 7:00,-0.04,0.02,0.01,8.75,0.24,0.37
10/15/2023 7:20,-0.05,0.01,0.01,9.06,0.32,0.37
10/15/2023 7:40,-0.04,0.02,0.01,9.24,0.34,0.34
10/15/2023 8:00,-0.03,0.03,0.01,9.89,0.33,0.35
10/15/2023 8:20,-0.03,0.01,0.01,10.96,0.35,0.4
10/15/2023 8:40,-0.03,0.01,0.01,12.16,0.24,0.39
10/15/2023 9:00,-0.04,0.02,0.01,13.07,0.27,0.35
10/15/2023 9:20,-0.03,0.02,0,14.88,0.3,0.32
10/15/2023 9:40,-0.04,0.02,0.01,16.54,0.27,0.26
10/15/2023 10:00,-0.03,0.03,0.01,17.65,0.29,0.19
10/15/2023 10:20,0,0.02,0.02,18.81,0.33,0.2
10/15/2023 10:40,0.18,0.05,0.04,19.44,0.35,0.24
10/15/2023 11:00,0.6,0.18,0.12,19.29,0.29,0.26
10/15/2023 11:20,1.11,0.51,0.25,19.94,0.29,0.35
10/15/2023 11:40,1.61,0.93,0.43,19.79,0.26,0.35
10/15/2023 12:00,1.93,1.27,0.6,19.8,0.37,0.34
10/15/2023 12:20,2.27,1.73,0.82,20.4,0.36,0.44
10/15/2023 12:40,2.72,1.98,0.98,21,0.54,0.65
10/15/2023 13:00,2.96,2.41,1.47,20.9,0.65,0.65
10/15/2023 13:20,3.07,2.78,1.73,20.9,0.76,0.95
10/15/2023 13:40,3.18,2.74,2,20.45,0.57,0.98
10/15/2023 14:00,3.2,2.97,2.09,19.8,0.99,0.96
10/15/2023 14:20,3.2,2.52,2.18,18.85,1.03,0.98
10/15/2023 14:40,2.61,2.32,2.15,19.07,0.74,1.23
10/15/2023 15:00,2.57,2.09,2.18,18.62,1.15,1.18
10/15/2023 15:20,2.35,1.75,2.15,18.31,1.12,1.1
10/15/2023 15:40,2.24,1.43,2.03,18.06,1.31,1.12
10/15/2023 16:00,2.04,1.16,2,18.47,0.61,1.14
10/15/2023 16:20,1.99,0.9,1.92,18.7,0.67,1.14
10/15/2023 16:40,1.75,0.86,1.81,18.52,1.47,1.14
10/15/2023 17:00,1.77,0.75,1.76,17.5,0.97,1.14
10/15/2023 17:20,1.72,0.83,1.69,19.65,1.31,1.19
10/15/2023 17:40,1.58,0.91,1.67,19.46,0.93,1.09
10/15/2023 18:00,1.72,0.97,1.67,19.8,1.29,1.1
10/15/2023 18:20,1.73,1.02,1.75,19.7,1.21,1.1
10/15/2023 18:40,1.64,1.12,1.84,20.07,0.82,1.1
10/15/2023 19:00,1.76,1.28,1.9,20.15,1.43,1.14
10/15/2023 19:20,1.74,1.48,1.89,20,0.78,1.26
10/15/2023 19:40,1.63,1.68,1.78,20.56,0.85,1.21
10/15/2023 20:00,1.81,1.94,1.81,21.03,0.95,1.23
10/15/2023 20:20,1.79,1.97,1.87,22.69,0.83,1.09
10/15/2023 20:40,1.91,2.21,1.99,22.98,1.26,1.18
10/15/2023 21:00,1.87,2.25,2.02,23.25,1.05,1.33
10/15/2023 21:20,1.87,2.37,2.24,23.1,1.24,1.33
10/15/2023 21:40,2.12,2.28,2.49,22.45,1.49,1.26
10/15/2023 22:00,2.43,2.41,2.69,21.94,1.36,1.47
10/15/2023 22:20,2.67,2.3,2.85,21.58,1.48,1.48
10/15/2023 22:40,2.61,2.08,2.87,20.92,1.68,1.43
10/15/2023 23:00,2.48,1.99,2.77,20.17,1.01,1.58
10/15/2023 23:20,2.39,1.86,2.78,18.69,2.25,1.77
10/15/2023 23:40,2.13,1.62,2.58,18.03,1.9,1.77
10/16/2023 0:00,1.84,1.33,2.28,16.68,2.03,1.65
10/16/2023 0:20,1.41,1.07,2.17,15.48,1.7,1.62
10/16/2023 0:40,1.03,0.81,1.79,13.92,1.11,1.53
10/16/2023 1:00,0.61,0.48,1.35,13.37,1.75,1.31
10/16/2023 1:20,0.26,0.25,0.9,12.74,1.1,1.31
10/16/2023 1:40,0.04,0.25,0.9,11.76,1.37,1.25
10/16/2023 2:00,-0.02,0.11,0.83,11.43,1.15,0.92
10/16/2023 2:20,-0.05,0.04,0.05,10.78,0.72,0.97
10/16/2023 2:40,-0.04,0.03,0.03,10.6,1.34,1.06
10/16/2023 3:00,-0.04,0.02,0.01,9.78,1.1,0.73
10/16/2023 3:20,-0.04,0.02,0,8.76,0.82,0.57
10/16/2023 3:40,-0.03,0.02,0,8.72,0.47,1.15
10/16/2023 4:00,-0.04,0.03,0,8.56,0.75,0.46
10/16/2023 4:20,-0.05,0.02,0,8.36,0.37,0.45
10/16/2023 4:40,-0.04,0.01,0,8.28,0.44,0.52
10/16/2023 5:00,-0.04,0.02,0,8.11,0.49,0.51
10/16/2023 5:20,-0.05,0.01,0,8.15,0.36,0.48
10/16/2023 5:40,-0.04,0.02,0,7.98,0.16,0.46
10/16/2023 6:00,-0.04,0.02,0,9.77,0.42,0.38
10/16/2023 6:20,-0.04,0.02,0,10.11,0.31,0.45
10/16/2023 6:40,-0.04,0.01,0,11.09,0.18,0.44
10/16/2023 7:00,-0.04,0.01,0.01,12.29,0.22,0.47
10/16/2023 7:20,-0.05,0.01,0,13.41,0.25,0.46
10/16/2023 7:40,-0.04,0.02,0,14.95,0.25,0.4
10/16/2023 8:00,-0.04,0.02,0,16.75,0.24,0.36
10/16/2023 8:20,-0.04,0.01,0,17.57,0.25,0.26
10/16/2023 8:40,-0.05,0.01,0,19.28,0.32,0.21
10/16/2023 9:00,-0.03,0.03,0,19.26,0.33,0.2
10/16/2023 9:20,0.12,0.02,0.05,17.76,0.32,0.23
10/16/2023 9:40,0.37,0.09,0.21,18.19,0.23,0.29
10/16/2023 10:00,0.67,0.21,0.33,17.88,0.32,1.26
10/16/2023 10:20,0.97,0.44,0.41,16.93,0.31,0.62
10/16/2023 10:40,0.97,0.57,0.47,16.47,0.28,0.36
10/16/2023 11:00,0.96,0.77,1.35,16.32,0.35,0.32
10/16/2023 11:20,1.11,0.82,1.3,15.36,0.3,0.3
10/16/2023 11:40,1.33,1.12,1.28,15.42,0.27,0.31
10/16/2023 12:00,1.54,1.18,1.18,17.02,0.32,0.3
10/16/2023 12:20,1.69,1.27,1.16,15.85,0.29,0.33
10/16/2023 12:40,1.8,1.31,1.14,14.72,0.4,0.3
10/16/2023 13:00,1.92,1.36,1.14,14.6,0.4,0.37
10/16/2023 13:20,1.93,1.4,1.27,14.83,0.49,0.49
10/16/2023 13:40,2.01,1.45,1.42,14.45,0.47,0.52
10/16/2023 14:00,2.01,1.47,1.42,14.51,0.68,0.54
10/16/2023 14:20,2.01,1.47,1.42,14.99,0.46,0.53
10/16/2023 14:40,2.01,1.47,1.42,14.23,0.65,0.55
10/16/2023 15:00,1.98,2.09,1.81,14.3,0.66,0.57
10/16/2023 15:20,2.25,2.66,2.45,14.22,0.48,0.75
10/16/2023 15:40,2.28,2.67,2.73,14.62,0.43,0.82
10/16/2023 16:00,2.35,2.69,2.86,14.86,0.61,0.79
10/16/2023 16:20,2.4,2.67,2.99,14.7,0.67,0.69
10/16/2023 16:40,2.37,2.37,2.98,15.01,0.92,0.9
10/16/2023 17:00,2.56,2.1,2.92,15.26,0.77,0.92
10/16/2023 17:20,2.56,1.55,2.95,16.18,1.03,0.92
10/16/2023 17:40,2.48,1.15,2.86,16.76,0.84,1.27
10/16/2023 18:00,2.53,0.95,2.83,16.67,1.16,0.99
10/16/2023 18:20,2.6,0.98,2.82,17.56,1.2,1
10/16/2023 18:40,2.67,1.08,2.87,18.92,1.17,1.26
10/16/2023 19:00,2.66,1.23,2.87,18.37,1.25,1.26
10/16/2023 19:20,2.67,1.5,2.94,18.76,1.48,1.28
10/16/2023 19:40,2.56,1.63,2.92,18.9,1.2,1.4
10/16/2023 20:00,2.67,1.63,3.05,19.01,1.56,1.48
10/16/2023 20:20,2.75,2,2.97,20.09,1.48,1.51
10/16/2023 20:40,2.66,1.95,2.98,20.93,1.44,1.51
10/16/2023 21:00,2.63,2.06,2.92,21.83,1.3,1.55
10/16/2023 21:20,2.46,2.08,2.84,21,1.64,1.52
10/16/2023 21:40,2.42,2,2.98,21.25,1.55,1.62
10/16/2023 22:00,2.36,2.16,2.94,21.2,2.05,1.65
10/16/2023 22:20,2.3,1.83,2.78,20.41,1.44,1.77
10/16/2023 22:40,2.13,1.73,2.73,19.3,2.11,1.85
10/16/2023 23:00,1.99,1.63,2.82,18.54,1.08,1.75
10/16/2023 23:20,1.86,1.56,2.79,17.85,2.06,1.81
10/16/2023 23:40,1.8,1.35,2.68,16.77,1.44,1.79
10/17/2023 0:00,1.64,1.27,2.68,15.76,2.33,1.55
10/17/2023 0:20,1.4,1.08,2.61,14.6,1.95,1.49
10/17/2023 0:40,1.3,0.93,2.52,13.29,1.76,1.83
10/17/2023 1:00,1.04,0.8,2.27,12.93,1.93,1.7
10/17/2023 1:20,0.79,0.76,1.99,12.49,1.73,1.5
10/17/2023 1:40,0.5,0.76,1.99,11.94,1.79,1.59
10/17/2023 2:00,0.26,0.76,1.99,9.64,0.87,1.38
10/17/2023 2:20,0.09,0.19,0.43,8.98,1.68,1.26
10/17/2023 2:40,0.03,0.12,0.4,8.32,1.2,1.1
10/17/2023 3:00,0.02,0.05,0.15,8.19,1.01,1.14
10/17/2023 3:20,0.02,0.03,0.06,8.33,0.83,0.74
10/17/2023 3:40,0.02,0.04,0.02,8.23,1.04,0.89
10/17/2023 4:00,0.02,0.02,0.02,8.07,0.73,1.04
10/17/2023 4:20,0.02,0.03,0.01,7.97,0.94,0.71
10/17/2023 4:40,0.02,0.03,0.01,7.98,0.6,0.48
10/17/2023 5:00,0.02,0.05,0,8.11,0.67,0.69
10/17/2023 5:20,0.02,0.02,0,7.87,0.63,0.73
10/17/2023 5:40,0.02,0.04,0,8.04,0.45,0.37
10/17/2023 6:00,0.01,0.02,0,8.48,0.47,0.36
10/17/2023 6:20,0.02,0.01,-0.01,8.98,0.31,0.41
10/17/2023 6:40,0.02,0,0,9.97,0.29,0.35
10/17/2023 7:00,0.02,0.01,-0.01,12.15,0.29,0.36
10/17/2023 7:20,0.02,0,0,13.67,0.26,0.27
10/17/2023 7:40,0.02,0,0,16.52,0.29,0.23
10/17/2023 8:00,0.05,-0.01,0.05,17.41,0.25,0.22
10/17/2023 8:20,0.16,-0.02,0.06,16.47,0.41,0.21
10/17/2023 8:40,0.44,0.01,0.09,17.32,0.35,0.24
10/17/2023 9:00,0.9,0.12,0.27,18.33,0.27,0.31
10/17/2023 9:20,1.46,0.39,0.72,17.84,0.3,0.32
10/17/2023 9:40,2.03,0.81,1.25,17.09,0.38,0.32
10/17/2023 10:00,2.7,1.31,1.8,16.27,0.48,0.54
10/17/2023 10:20,3.17,1.85,2.13,15.65,0.59,0.85
10/17/2023 10:40,3.39,2.09,2.3,16.02,0.82,0.87
10/17/2023 11:00,3.35,2.25,2.38,15.85,1.11,0.89
10/17/2023 11:20,3.11,2.42,2.37,16.15,0.93,1.21
10/17/2023 11:40,2.9,2.24,2.31,16.46,0.97,1.05
10/17/2023 12:00,2.71,2.19,2.22,16.1,1.22,1.05
10/17/2023 12:20,2.6,1.94,2.2,16.17,1.04,1.01
10/17/2023 12:40,2.53,1.69,2.15,15.92,1.34,1.02
10/17/2023 13:00,2.35,1.56,2.13,14.88,1.16,1.08
10/17/2023 13:20,2.23,1.47,1.98,14.49,1.36,1.35
10/17/2023 13:40,2.19,1.48,2.01,14.24,1.38,1.08
10/17/2023 14:00,2.11,1.24,2.01,14.69,1.26,1.15
10/17/2023 14:20,2,1.24,1.98,14.98,1.39,1.37
10/17/2023 14:40,2,1.18,1.84,14.96,0.97,1.19
10/17/2023 15:00,1.76,0.98,1.72,14.73,1.39,1.26
10/17/2023 15:20,1.29,0.87,1.59,14.41,1.35,0.93
10/17/2023 15:40,1.25,0.66,1.43,14.41,1.03,1.14
10/17/2023 16:00,1.11,0.66,1.3,15.09,1.19,1.22
10/17/2023 16:20,0.99,0.66,1.27,14.98,0.91,1.02
10/17/2023 16:40,0.98,0.71,1.34,15.73,0.81,0.99
10/17/2023 17:00,1.1,0.96,1.46,14.92,0.93,0.77
10/17/2023 17:20,1.25,1.28,1.58,16.87,0.94,0.88
10/17/2023 17:40,1.4,1.5,1.71,17.7,1,0.97
10/17/2023 18:00,1.52,1.85,1.84,17.8,1.22,1.06
10/17/2023 18:20,1.65,2.22,1.78,17.9,1.1,1.19
10/17/2023 18:40,1.65,2.35,1.83,17.28,1.17,1.05
10/17/2023 19:00,1.86,2.55,2.22,17.32,1.1,0.95
10/17/2023 19:20,1.84,2.57,2.42,18.85,1,1.06
10/17/2023 19:40,1.88,2.41,2.46,18.71,1.1,1.2
10/17/2023 20:00,2.22,2.49,2.72,19.68,1.21,1.19
10/17/2023 20:20,2.67,2.31,3.12,20.01,0.85,1.45
10/17/2023 20:40,2.88,2.35,3.3,20.63,1.57,1.42
10/17/2023 21:00,3,2.1,3.17,20.77,0.52,1.49
10/17/2023 21:20,2.99,2.09,3.17,20.74,1.51,1.65
10/17/2023 21:40,2.96,2.03,3.21,20.7,1.4,1.62
10/17/2023 22:00,2.87,1.84,3.14,20.21,1.57,1.76
10/17/2023 22:20,2.76,1.76,3.03,19.93,2.39,1.57
10/17/2023 22:40,2.68,1.73,3.02,19.67,2.52,1.88
10/17/2023 23:00,2.59,1.58,3.19,18.87,0.82,1.9
10/17/2023 23:20,2.36,1.41,3.07,18.27,2.38,2.02
10/17/2023 23:40,2.15,1.24,3.06,16.93,2.02,1.94
10/18/2023 0:00,1.88,1.12,2.98,16.2,2.44,1.86
10/18/2023 0:20,1.64,1.08,2.72,15.19,2.64,1.96
10/18/2023 0:40,1.35,0.93,2.44,13.48,0.97,1.94
10/18/2023 1:00,1.02,0.81,2.13,12.5,1.78,1.8
10/18/2023 1:20,0.95,0.79,2.13,12.3,1.91,1.83
10/18/2023 1:40,0.56,0.79,2.13,10.45,1.39,1.48
10/18/2023 2:00,0.27,0.79,2.13,9.43,1.23,1.55
10/18/2023 2:20,0.08,0.13,0.56,9.44,1.63,1.34
10/18/2023 2:40,0.02,0.05,0.21,8.63,1.06,1.3
10/18/2023 3:00,0.01,0.04,0.05,7.99,1.25,1.2
10/18/2023 3:20,0.01,0.03,0.01,7.87,1.14,1.05
10/18/2023 3:40,0,0.02,0,7.93,0.91,1.01
10/18/2023 4:00,0,0.03,-0.02,7.54,1.25,1.09
10/18/2023 4:20,0.01,0.04,-0.02,7.92,1.11,0.8
10/18/2023 4:40,0,0.04,-0.02,7.97,0.93,0.71
10/18/2023 5:00,0,0.04,-0.02,8.3,0.74,0.8
10/18/2023 5:20,0,0.04,-0.02,11.18,0.9,0.89
10/18/2023 5:40,0,0.03,-0.02,10.29,0.6,0.65
10/18/2023 6:00,0.01,0.01,-0.02,7.69,0.51,0.59
10/18/2023 6:20,0,0.01,-0.02,9.51,0.48,0.57
10/18/2023 6:40,0,0.01,-0.02,9.79,0.2,0.57
10/18/2023 7:00,0,0,-0.02,11.1,0.27,0.59
10/18/2023 7:20,0,0.01,-0.02,13.46,0.32,0.57
10/18/2023 7:40,0,0.01,-0.02,15.05,0.24,0.39
10/18/2023 8:00,0,0,-0.01,16.44,0.29,0.24
10/18/2023 8:20,0.04,0.02,0,16.59,0.42,0.22
10/18/2023 8:40,0.19,0.06,0.04,17.66,0.3,0.23
10/18/2023 9:00,0.54,0.15,0.06,17.56,0.31,0.23
10/18/2023 9:20,0.97,0.42,0.16,15.81,0.32,0.25
10/18/2023 9:40,1.44,0.7,0.4,16.16,0.25,0.33
10/18/2023 10:00,1.82,0.85,0.65,16.9,0.47,0.36
10/18/2023 10:20,2.08,1.02,0.68,16.62,0.52,0.48
10/18/2023 10:40,2.21,1.3,0.79,16.27,0.52,0.68
10/18/2023 11:00,2.3,1.43,1.13,15.64,0.64,0.74
10/18/2023 11:20,2.21,1.63,1.21,14.89,0.65,0.61
10/18/2023 11:40,2.2,1.84,1.31,15.27,0.62,0.58
10/18/2023 12:00,2.25,2.03,1.43,14.63,0.75,0.69
10/18/2023 12:20,2.28,2.15,1.4,14.25,0.65,0.85
10/18/2023 12:40,2.11,1.94,1.43,13.66,0.73,0.86
10/18/2023 13:00,2.1,1.97,1.6,13.5,0.88,0.69
10/18/2023 13:20,2.07,1.65,1.69,13.35,0.76,0.7
10/18/2023 13:40,2.08,1.69,1.67,13.74,0.91,0.97
10/18/2023 14:00,2.01,1.37,1.64,13.29,0.83,0.88
10/18/2023 14:20,1.89,1.29,1.73,12.67,0.73,0.85
10/18/2023 14:40,1.85,1.09,1.72,12.48,0.79,0.84
10/18/2023 15:00,1.85,1.05,1.63,13.72,0.54,0.85
10/18/2023 15:20,1.8,1.04,1.69,14.13,0.68,0.82
10/18/2023 15:40,1.79,1.18,1.9,13.84,0.78,0.84
10/18/2023 16:00,1.89,1.53,2.01,13.69,0.93,1.04
10/18/2023 16:20,2.11,1.63,2.26,13.92,1.08,1.09
10/18/2023 16:40,2.28,1.98,2.56,13.81,1.17,0.94
10/18/2023 17:00,2.16,2.33,2.72,14.13,1.12,1
10/18/2023 17:20,2.31,2.41,2.74,14.33,1.24,1.1
10/18/2023 17:40,2.17,2.66,2.83,14.51,1.29,1.31
10/18/2023 18:00,2.3,2.4,2.86,16.68,1.01,1.19
10/18/2023 18:20,2.41,2.34,2.84,17.77,1.26,1.09
10/18/2023 18:40,2.37,1.96,2.73,17.94,1.4,1.39
10/18/2023 19:00,2.42,1.71,2.78,17.05,1.21,1.35
10/18/2023 19:20,2.5,1.57,2.86,18.92,1.69,1.4
10/18/2023 19:40,2.49,1.51,2.83,19.41,1.4,1.35
10/18/2023 20:00,2.57,1.44,2.81,18.8,1.6,1.58
10/18/2023 20:20,2.43,1.39,2.79,19.3,1.67,1.58
10/18/2023 20:40,2.41,1.48,2.6,19.63,1.92,1.49
10/18/2023 21:00,2.49,1.53,2.58,19.12,1.68,1.63
10/18/2023 21:20,2.27,1.53,2.59,19.87,1.77,1.65
10/18/2023 21:40,2.02,1.54,2.51,19.71,1.05,1.63
10/18/2023 22:00,2.1,1.55,2.55,19.91,1.77,1.58
10/18/2023 22:20,2.08,1.62,2.67,19.53,1.57,1.74
10/18/2023 22:40,2.19,1.72,2.61,18.74,1.76,1.8
10/18/2023 23:00,2.26,1.71,2.61,18.37,1.54,1.73
10/18/2023 23:20,2.33,1.87,2.71,17.52,2.42,1.77
10/18/2023 23:40,2.11,1.71,2.63,17.05,2.34,2.16
10/19/2023 0:00,1.92,1.73,2.61,16.07,2.02,1.92
10/19/2023 0:20,1.57,1.58,2.36,14.72,1.9,1.79
10/19/2023 0:40,1.25,1.37,2.06,13.61,2.04,1.75
10/19/2023 1:00,0.98,1,1.77,12.44,1.29,1.61
10/19/2023 1:20,0.68,0.74,1.5,11.39,1.73,1.56
10/19/2023 1:40,0.4,0.74,1.5,10.9,1.43,1.46
10/19/2023 2:00,0.25,0.1,0.44,10.58,0.98,1.46
10/19/2023 2:20,0.17,0.09,0.39,9.78,1.55,1.11
10/19/2023 2:40,0.08,0.04,0.25,9.46,1.18,1.51
10/19/2023 3:00,0.04,0.04,0.12,8.64,1.42,1.12
10/19/2023 3:20,0,0.03,0.03,8.39,0.99,1.13
10/19/2023 3:40,0,0,0,7.83,1.08,0.99
10/19/2023 4:00,0,0,0,7.24,1.04,0.71
10/19/2023 4:20,-0.01,0.01,-0.01,7.31,0.72,0.81
10/19/2023 4:40,0,0.01,-0.01,7.31,0.76,0.85
10/19/2023 5:00,-0.01,0.01,-0.01,7.22,0.87,0.88
10/19/2023 5:20,0,0.02,-0.01,7.41,0.47,0.77
10/19/2023 5:40,-0.01,0.02,-0.01,8.73,0.61,0.7
10/19/2023 6:00,0,0.01,-0.01,9.64,0.44,0.77
10/19/2023 6:20,-0.01,0.01,-0.01,10.34,0.4,0.75
10/19/2023 6:40,0,0.01,-0.01,10.66,0.29,0.66
10/19/2023 7:00,0,0.01,-0.01,11.79,0.32,0.62
10/19/2023 7:20,-0.01,0.01,0,13.79,0.31,0.63
10/19/2023 7:40,-0.01,0.01,0,15.54,0.24,0.44
10/19/2023 8:00,-0.01,0.01,0,16.94,0.34,0.29
10/19/2023 8:20,0,0,0.01,18.69,0.35,0.24
10/19/2023 8:40,0.09,0.01,0.03,19.35,0.37,0.23
10/19/2023 9:00,0.35,0.06,0.06,19.09,0.24,0.23
10/19/2023 9:20,0.68,0.13,0.17,17.97,0.31,0.25
10/19/2023 9:40,1.18,0.38,0.49,16.44,0.33,0.25
10/19/2023 10:00,1.64,0.82,0.89,15.79,0.37,0.35
10/19/2023 10:20,2.02,0.92,1.14,15.59,0.5,0.43
10/19/2023 10:40,2.37,1.2,1.4,15.33,0.55,0.55
10/19/2023 11:00,2.59,1.47,1.62,15.65,0.64,0.76
10/19/2023 11:20,2.66,1.85,1.77,15.6,0.74,0.77
10/19/2023 11:40,2.57,2.13,1.72,15.41,0.78,0.77
10/19/2023 12:00,2.51,2.06,1.81,15.74,0.87,0.75
10/19/2023 12:20,2.41,1.99,2,15.51,0.86,0.76
10/19/2023 12:40,2.42,1.94,2.05,15.35,0.83,1.11
10/19/2023 13:00,2.36,1.86,2.01,15.13,1.12,0.9
10/19/2023 13:20,2.34,1.77,2.13,14.77,1.02,0.86
10/19/2023 13:40,2.38,1.61,2.23,14.24,0.83,1.03
10/19/2023 14:00,2.4,1.6,2.28,13.83,0.75,1.19
10/19/2023 14:20,2.52,1.55,2.28,13.39,1.19,1.18
10/19/2023 14:40,2.46,1.62,2.3,14.05,0.98,1.03
10/19/2023 15:00,2.46,1.69,2.38,13.9,0.99,1.22
10/19/2023 15:20,2.31,1.56,2.4,14.48,1.23,1.25
10/19/2023 15:40,2.34,1.58,2.34,14.11,1.65,1.32
10/19/2023 16:00,2.28,1.57,2.32,14.55,1.41,1.32
10/19/2023 16:20,2.22,1.51,2.38,14.22,1.04,1.35
10/19/2023 16:40,2.14,1.47,2.36,14.68,1.3,1.32
10/19/2023 17:00,2.18,1.51,2.26,14.93,1.06,1.3
10/19/2023 17:20,2.17,1.56,2.4,16.3,1.12,1.29
10/19/2023 17:40,2.2,1.53,2.54,17.25,0.89,1.6
10/19/2023 18:00,2.31,1.56,2.56,18.28,1.2,1.56
10/19/2023 18:20,2.39,1.57,2.68,19.53,1.66,1.61
10/19/2023 18:40,2.51,1.69,2.86,18.54,1.84,1.53
10/19/2023 19:00,2.5,1.81,2.92,17.96,1.31,1.51
10/19/2023 19:20,2.57,2.1,2.85,17.93,1.01,1.77
10/19/2023 19:40,2.76,2.33,2.95,18.58,1.92,1.75
10/19/2023 20:00,2.87,2.17,3.06,18.85,1.51,1.77
10/19/2023 20:20,2.97,2.25,3.26,19.71,1.77,1.97
10/19/2023 20:40,2.98,2.46,3.39,19.93,2.47,1.94
10/19/2023 21:00,2.95,2.51,3.47,20.51,0.95,1.97
10/19/2023 21:20,2.98,2.46,3.55,21.63,2.37,2.01
10/19/2023 21:40,3.02,2.25,3.69,21.4,2.35,1.95
10/19/2023 22:00,3.05,2.28,3.83,20.5,2.64,1.99
10/19/2023 22:20,3.12,2.33,3.97,19.55,2.27,1.86
10/19/2023 22:40,3.14,2.24,4.17,19.37,1.27,1.98
10/19/2023 23:00,3.1,2.09,4.06,18.68,1.54,1.95
10/19/2023 23:20,3.2,2.06,4.18,17.42,1.96,1.93
10/19/2023 23:40,3.23,2.01,4.2,16.61,2.04,1.97
10/20/2023 0:00,3.25,1.94,4.25,15.52,2.2,2.04
10/20/2023 0:20,3.12,2.03,4.24,15.06,1.83,2.14
10/20/2023 0:40,3.02,1.94,4.09,13.91,1.44,2.07
10/20/2023 1:00,2.88,1.72,3.93,12.82,1.53,1.97
10/20/2023 1:20,2.76,1.71,3.93,12.3,2.15,2
10/20/2023 1:40,2.48,1.71,3.93,11.65,2.31,1.9
10/20/2023 2:00,2.14,1.54,3.93,10.95,1.04,1.99
10/20/2023 2:20,1.72,0.59,2.59,10.23,1.92,1.91
10/20/2023 2:40,1.29,0.29,2.53,10.38,2.2,2.02
10/20/2023 3:00,0.96,0.14,2.32,9.39,1.78,1.83
10/20/2023 3:20,0.56,0.06,1.92,9.49,1.1,1.78
10/20/2023 3:40,0.27,0.03,1.44,8.71,1.63,1.56
10/20/2023 4:00,0.1,0.05,1.07,8.46,1.9,1.41
10/20/2023 4:20,0.01,0.02,0.68,8.44,1.1,1.25
10/20/2023 4:40,0,0.02,0.35,8.6,1.38,1.22
10/20/2023 5:00,0,0.02,0.12,8.54,0.64,1.19
10/20/2023 5:20,0.01,0.02,0.04,10.06,0.98,1.21
10/20/2023 5:40,0,0.02,0.01,10.69,1.22,1.08
10/20/2023 6:00,-0.01,0.02,-0.01,11.29,1.01,1.02
10/20/2023 6:20,-0.01,0.02,-0.02,12.05,0.98,0.8
10/20/2023 6:40,-0.01,0.02,-0.03,11.46,0.83,0.72
10/20/2023 7:00,-0.01,0.03,-0.03,12.08,0.76,0.64
10/20/2023 7:20,-0.01,0.02,-0.03,12.94,0.49,0.8
10/20/2023 7:40,0,0.03,-0.03,14.14,0.84,0.66
10/20/2023 8:00,0,0.05,-0.03,16.45,0.65,0.35
10/20/2023 8:20,0.06,0.06,-0.01,17.98,0.51,0.36
10/20/2023 8:40,0.24,0.15,0.11,19.11,0.45,0.42
10/20/2023 9:00,0.67,0.41,0.25,19.26,0.43,0.46
10/20/2023 9:20,1.3,0.84,0.49,18.23,0.49,0.44
10/20/2023 9:40,1.96,1.45,0.74,17.68,0.62,0.75
10/20/2023 10:00,2.59,2.05,1.28,16.82,0.97,0.82
10/20/2023 10:20,3.19,2.12,1.85,15.93,0.95,0.86
10/20/2023 10:40,3.48,2.55,2.11,14.44,0.51,1.12
10/20/2023 11:00,3.82,2.98,2.5,15.9,1.27,1.3
10/20/2023 11:20,4.02,3.43,2.96,14.17,0.98,1.38
10/20/2023 11:40,4.05,3.54,3.47,15.32,1.65,1.6
10/20/2023 12:00,4.47,3.49,4.02,15.52,1.9,1.63
10/20/2023 12:20,4.59,3.57,4.38,15.37,2.29,1.93
10/20/2023 12:40,4.7,3.71,4.6,16.47,1.12,1.97
10/20/2023 13:00,4.63,3.31,4.71,16.79,1.53,1.89
10/20/2023 13:20,4.61,3.28,4.6,16.68,1.46,1.88
10/20/2023 13:40,4.39,3.12,4.36,15.95,1.51,2.06
10/20/2023 14:00,4.06,3.03,4.2,15.46,2.37,1.87
10/20/2023 14:20,3.8,2.53,4.1,14.46,2.4,2.01
10/20/2023 14:40,3.52,2.14,3.9,14.03,2.45,2.02
10/20/2023 15:00,3.45,1.79,3.72,13.94,2.09,2.08
10/20/2023 15:20,3.45,1.49,3.61,13.91,2.31,2.02
10/20/2023 15:40,2.74,1.14,3.57,14.49,2.59,1.93
10/20/2023 16:00,2.65,1.04,3.46,15.25,2.38,1.97
10/20/2023 16:20,2.59,0.99,3.55,16.17,1.45,1.94
10/20/2023 16:40,2.46,0.98,3.61,16.65,1.99,1.85
10/20/2023 17:00,2.33,0.88,3.38,15.29,2.11,1.84
10/20/2023 17:20,2.28,0.78,3.25,17.06,2.64,2.16
10/20/2023 17:40,2.19,0.72,3.12,17.84,1.94,1.99
10/20/2023 18:00,2.07,0.72,3.02,18.44,2.41,1.99
10/20/2023 18:20,2.04,0.68,3.09,18.83,2.18,1.98
10/20/2023 18:40,2.03,0.76,3.23,17.88,2.22,1.93
10/20/2023 19:00,2.06,0.84,3.32,17.98,2.07,2.03
10/20/2023 19:20,2.1,1.01,3.36,18.12,1.54,1.92
10/20/2023 19:40,2.22,1.21,3.28,18.39,1.89,1.92
10/20/2023 20:00,2.27,1.24,3.27,17.97,2.33,1.97
10/20/2023 20:20,2.26,1.5,3.29,17.65,1.38,1.9
10/20/2023 20:40,2.18,1.65,3.31,17.4,1.84,2.06
10/20/2023 21:00,2.12,1.62,3.32,17.6,2.43,1.9
10/20/2023 21:20,2.01,1.5,3.31,18.12,1.21,2.01
10/20/2023 21:40,2.03,1.46,3.27,18.03,2.2,1.91
10/20/2023 22:00,1.97,1.62,3.2,18.25,1.77,1.98
10/20/2023 22:20,1.97,1.55,3.15,18.24,2.2,2.09
10/20/2023 22:40,2.01,1.48,3.17,18.33,1.47,2.05
10/20/2023 23:00,2.08,1.57,3.31,18.03,1.23,2.16
10/20/2023 23:20,2.06,1.59,3.41,17.31,1.74,2.08
10/20/2023 23:40,2.11,1.64,3.44,17.47,1.21,1.97
10/21/2023 0:00,2.07,1.76,3.45,16.13,1.92,1.84
10/21/2023 0:20,2.05,1.68,3.42,15.48,1.93,2.1
10/21/2023 0:40,2,1.53,3.32,14.83,1.31,1.89
10/21/2023 1:00,1.96,1.51,3.24,14.03,1.3,1.92
10/21/2023 1:20,1.85,1.38,3.17,13.38,2.61,2.05
10/21/2023 1:40,1.65,1.38,3.17,12.57,1.5,2.02
10/21/2023 2:00,1.46,1.08,2.17,13.42,2.17,2.09
10/21/2023 2:20,1.22,0.76,2.32,11.26,2.52,2
10/21/2023 2:40,0.91,0.5,2.18,10.82,2.25,1.87
10/21/2023 3:00,0.59,0.28,1.79,9.94,2.12,1.87
10/21/2023 3:20,0.24,0.15,1.37,9.34,1.65,1.47
10/21/2023 3:40,0.05,0.08,0.89,8.7,1.38,1.48
10/21/2023 4:00,-0.02,0.05,0.5,8.26,1.16,1.32
10/21/2023 4:20,-0.03,0.04,0.23,8.21,1.41,1.35
10/21/2023 4:40,-0.01,0.05,0.09,7.91,1.05,1.07
10/21/2023 5:00,-0.01,0.09,0.03,8.13,1.01,1.26
10/21/2023 5:20,0.01,0.13,0.03,8.91,1.22,1.38
10/21/2023 5:40,0,0.21,0,9.8,1.14,0.8
10/21/2023 6:00,-0.01,0.28,-0.01,10.53,0.7,1.02
10/21/2023 6:20,-0.02,0.31,-0.03,10.45,0.91,1.1
10/21/2023 6:40,-0.03,0.24,-0.03,9.46,1.02,0.54
10/21/2023 7:00,-0.03,0.16,-0.03,8.94,0.57,0.78
10/21/2023 7:20,-0.03,0.09,-0.03,8.9,0.7,0.88
10/21/2023 7:40,-0.03,0.08,-0.04,8.94,0.69,0.48
10/21/2023 8:00,-0.03,0.04,-0.04,9.09,0.54,0.44
10/21/2023 8:20,-0.03,0.02,-0.03,10.03,0.42,0.39
10/21/2023 8:40,-0.03,0.03,-0.04,10.25,0.3,0.37
10/21/2023 9:00,-0.02,0.03,-0.03,13.27,0.33,0.27
10/21/2023 9:20,-1.84,0.04,-0.02,16.53,0.29,0.24
10/21/2023 9:40,0.17,0.14,0.07,16.55,0.3,0.26
10/21/2023 10:00,0.61,0.38,0.31,16.88,0.36,0.27
10/21/2023 10:20,1.31,0.84,0.65,17.47,0.38,0.35
10/21/2023 10:40,1.91,1.18,0.78,18.25,0.42,0.36
10/21/2023 11:00,2.32,1.52,0.76,18.51,0.45,0.49
10/21/2023 11:20,2.61,1.56,0.89,18.57,0.67,0.82
10/21/2023 11:40,2.83,1.73,1.05,17.87,0.7,0.8
10/21/2023 12:00,2.86,1.94,1.37,18.32,0.7,0.78
10/21/2023 12:20,2.98,2.28,1.76,17.61,1.12,0.79
10/21/2023 12:40,3.16,2.38,2.16,18.61,0.95,1.1
10/21/2023 13:00,3.35,2.82,2.52,18.77,1.08,1.08
10/21/2023 13:20,3.5,2.87,2.73,17.86,1.17,1.35
10/21/2023 13:40,3.76,2.97,2.96,17.61,1.4,1.51
10/21/2023 14:00,3.99,3.13,3.3,17.28,1.5,1.46
10/21/2023 14:20,4.22,3.22,3.65,19.68,1.93,1.65
10/21/2023 14:40,4.36,3.34,3.86,18.61,1.9,1.78
10/21/2023 15:00,4.44,3.14,4.14,17.61,1.8,2.01
10/21/2023 15:20,4.44,2.87,4.25,16.33,2.03,1.83
10/21/2023 15:40,4.43,3.01,4.37,16.88,2.59,2.13
10/21/2023 16:00,4.49,2.92,4.4,18.58,2.11,2.14
10/21/2023 16:20,4.42,2.93,4.59,18.07,1.18,1.9
10/21/2023 16:40,4.31,2.55,4.61,16.32,2.6,2.05
10/21/2023 17:00,4.25,2.76,4.69,16.87,2.18,2.1
10/21/2023 17:20,4.24,2.93,4.66,21.19,1.52,1.82
10/21/2023 17:40,4.09,2.59,4.63,18.27,2.09,1.86
10/21/2023 18:00,4.14,2.55,4.66,19.26,1.17,2.07
10/21/2023 18:20,4.13,2.52,4.65,17.86,2.57,1.98
10/21/2023 18:40,4.18,2.71,4.8,18.69,2.48,2.04
10/21/2023 19:00,4.17,2.47,4.75,19.08,2.5,1.95
10/21/2023 19:20,4.2,2.53,4.85,19.41,2.27,1.85
10/21/2023 19:40,4.17,2.65,4.75,18.65,1.68,2.01
10/21/2023 20:00,3.86,2.4,4.68,17.97,1.33,2.07
10/21/2023 20:20,3.73,2.16,4.56,17.68,2.49,2.16
10/21/2023 20:40,3.55,1.98,4.34,17.73,1.94,2.05
10/21/2023 21:00,3.29,1.81,4,17.33,2.15,1.96
10/21/2023 21:20,3.09,1.43,4,17.5,2.58,1.98
10/21/2023 21:40,2.91,1.33,3.9,17.33,2.28,1.94
10/21/2023 22:00,2.84,0.99,3.77,17.75,2.51,1.91
10/21/2023 22:20,2.69,0.86,3.75,17.62,2.2,1.97
10/21/2023 22:40,2.5,0.85,3.71,17.22,1.27,1.94
10/21/2023 23:00,2.35,0.78,3.52,16.88,2.67,2
10/21/2023 23:20,2.28,0.74,3.37,15.86,1.76,1.97
10/21/2023 23:40,2.05,0.64,3.2,15.57,2.13,1.86
10/22/2023 0:00,1.84,0.54,2.97,14.8,1.38,1.9
10/22/2023 0:20,1.63,0.52,2.81,14.34,1.66,2.15
10/22/2023 0:40,1.4,0.38,2.61,13.23,2.66,2.06
10/22/2023 1:00,1.14,0.32,2.37,13.02,2.11,1.88
10/22/2023 1:20,0.8,0.25,2.15,12.42,1.87,2
10/22/2023 1:40,0.53,0.24,2.05,11.94,2.24,1.5
10/22/2023 2:00,0.27,0.24,2.05,10.69,1.15,1.96
10/22/2023 2:20,0.09,0.09,0.89,10.95,1.57,1.18
10/22/2023 2:40,0,0.09,0.77,9.56,1.01,1.27
10/22/2023 3:00,-0.03,0.06,0.35,9.32,1.13,1.47
10/22/2023 3:20,-0.04,0.04,0.1,8.47,1.46,1.49
10/22/2023 3:40,-0.04,0.04,-0.01,8.91,1.46,0.85
10/22/2023 4:00,-0.04,0.04,-0.04,8.24,1.18,1.16
10/22/2023 4:20,-0.04,0.04,-0.05,8.18,1.06,1.01
10/22/2023 4:40,-0.04,0.06,-0.06,8.13,1.03,0.73
10/22/2023 5:00,-0.04,0.06,-0.06,7.02,0.68,0.88
10/22/2023 5:20,-0.02,0.06,-0.07,8.52,0.88,1.15
10/22/2023 5:40,-0.04,0.05,-0.06,9,0.67,0.45
10/22/2023 6:00,-0.04,0.03,-0.06,9.39,0.67,0.57
10/22/2023 6:20,0,0.03,-0.06,9.18,0.65,0.73
10/22/2023 6:40,0.01,0.02,-0.06,8.74,0.49,0.59
10/22/2023 7:00,-0.02,0.02,-0.06,9.33,0.48,0.43
10/22/2023 7:20,-0.02,0.02,-0.06,8.73,0.38,0.45
10/22/2023 7:40,0.01,0.02,-0.06,8.7,0.38,0.41
10/22/2023 8:00,0.06,0.02,-0.06,8.74,0.33,0.39
10/22/2023 8:20,0.05,0.03,-0.06,9.9,0.38,0.33
10/22/2023 8:40,0.14,0.01,-0.06,9.39,0.37,0.28
10/22/2023 9:00,0.27,0.02,-0.04,10.92,0.35,0.27
10/22/2023 9:20,0.46,0,-0.03,13.44,0.32,0.26
10/22/2023 9:40,0.68,0.02,0,15.56,0.37,0.24
10/22/2023 10:00,1.09,0.04,0.12,17.46,0.36,0.26
10/22/2023 10:20,1.48,0.05,0.17,17.51,0.42,0.27
10/22/2023 10:40,1.89,0.11,0.26,17.97,0.26,0.37
10/22/2023 11:00,2.15,0.21,0.39,18.45,0.42,0.45
10/22/2023 11:20,2.23,0.43,0.57,18.89,0.52,0.58
10/22/2023 11:40,2.23,0.74,0.79,18.54,0.7,0.59
10/22/2023 12:00,2.47,1.09,1.07,18.39,0.48,0.6
10/22/2023 12:20,2.64,1.35,1.4,18.36,0.48,0.95
10/22/2023 12:40,3.04,1.41,1.75,18.72,0.92,0.74
10/22/2023 13:00,3.09,1.88,2.11,18.27,0.79,1.03
10/22/2023 13:20,3.26,2.48,2.45,19.71,0.78,1.13
10/22/2023 13:40,3.32,2.7,2.84,18.82,1.32,1.11
10/22/2023 14:00,3.56,3.15,2.97,23.44,1.14,1.44
10/22/2023 14:20,3.85,3.31,3.3,19.9,1.65,1.39
10/22/2023 14:40,4.1,3.42,3.62,18.51,1.63,1.54
10/22/2023 15:00,4.28,3.59,3.94,20.81,1.92,1.89
10/22/2023 15:20,4.33,3.79,4.25,19.33,2.15,2.02
10/22/2023 15:40,4.33,3.83,4.66,17.83,2.36,2.05
10/22/2023 16:00,4.67,3.52,4.84,16.73,2.18,1.88
10/22/2023 16:20,5.11,3.44,5.13,20.56,1.12,2.07
10/22/2023 16:40,5,3.4,5.34,18.5,2.06,1.98
10/22/2023 17:00,5,3.4,5.44,17.46,1.87,1.93
10/22/2023 17:20,4.99,3.41,5.45,18.9,2.09,2
10/22/2023 17:40,5.04,3.49,5.48,21.01,1.63,1.96
10/22/2023 18:00,5.05,3.56,5.5,21.15,2.33,2.05
10/22/2023 18:20,5.09,3.52,5.48,19.23,2.49,2.08
10/22/2023 18:40,4.97,3.49,5.56,18.45,2.49,1.95
10/22/2023 19:00,5.04,3.83,5.56,21.2,1.33,1.91
10/22/2023 19:20,5.11,3.65,5.53,18.79,2.17,1.94
10/22/2023 19:40,5.1,3.49,5.67,19.15,2.17,1.91
10/22/2023 20:00,5.05,3.5,5.74,20.65,2.36,2.09
10/22/2023 20:20,5.09,3.53,5.58,21.58,1.75,2.08
10/22/2023 20:40,5.07,3.63,5.71,21.64,2.46,1.77
10/22/2023 21:00,5.05,3.76,5.47,21.03,1.41,2.01
10/22/2023 21:20,4.91,3.49,5.39,21.84,1.57,1.86
10/22/2023 21:40,4.72,3.27,5.32,21.99,1.94,2
10/22/2023 22:00,4.65,3.23,5.29,20.56,2.22,1.98
10/22/2023 22:20,4.58,3.03,5.34,20.05,1.92,2.04
10/22/2023 22:40,4.6,3.02,5.34,19.04,2.25,1.97
10/22/2023 23:00,4.53,3.01,5.43,18.91,2.35,1.99
10/22/2023 23:20,4.52,2.88,5.33,17.51,2.55,2.04
10/22/2023 23:40,4.34,2.94,5.23,16.69,1.36,2.05
10/23/2023 0:00,4.21,2.67,5.12,15.01,2.18,2.06
10/23/2023 0:20,3.96,2.49,4.85,14.14,2.51,2.1
10/23/2023 0:40,3.67,2.29,4.56,13.97,1.35,1.86
10/23/2023 1:00,3.25,2.26,4.28,13.23,2.36,1.92
10/23/2023 1:20,2.82,1.79,4.18,12.39,2.21,1.99
10/23/2023 1:40,2.42,1.79,4.18,11.62,1.52,2.09
10/23/2023 2:00,1.94,1.79,4.18,10.94,1.79,2
10/23/2023 2:20,1.39,0.33,2.43,10.1,1.28,1.96
10/23/2023 2:40,1.25,0.16,2.29,8.71,1.33,1.82
10/23/2023 3:00,0.73,0.04,1.81,7.94,1.32,1.6
10/23/2023 3:20,0.32,0.01,1.25,8.15,1.59,1.54
10/23/2023 3:40,0.06,0,0.77,8.11,1.29,1.25
10/23/2023 4:00,-0.03,0.01,0.37,8.04,1.22,1.22
10/23/2023 4:20,-0.05,-0.01,0.21,8.02,1.07,1.16
10/23/2023 4:40,-0.05,0,0.11,8.26,1.32,1.13
10/23/2023 5:00,-0.04,0,0.03,9.69,1.13,1.26
10/23/2023 5:20,-0.04,-0.01,-0.01,8.3,1.24,0.81
10/23/2023 5:40,-0.06,0,-0.03,8.01,0.96,0.86
10/23/2023 6:00,-0.05,0.01,-0.04,8.31,0.9,1.16
10/23/2023 6:20,-0.05,-0.01,-0.04,8.71,0.59,1.03
10/23/2023 6:40,-0.06,-0.01,-0.04,8.86,0.73,1.09
10/23/2023 7:00,-0.06,0.01,-0.04,9.91,0.62,1.01
10/23/2023 7:20,-0.06,0,-0.05,11.15,0.49,0.8
10/23/2023 7:40,-0.06,0,-0.04,11.81,0.44,0.4
10/23/2023 8:00,-0.03,0.01,-0.02,14.41,0.44,0.24
10/23/2023 8:20,0.21,0.01,0.02,16.73,0.49,0.27
10/23/2023 8:40,0.28,0.12,0.18,19.06,0.28,0.31
10/23/2023 9:00,1.01,0.55,0.52,19.67,0.43,0.43
10/23/2023 9:20,1.73,1.22,0.9,18.76,0.54,0.62
10/23/2023 9:40,2.31,1.78,1.12,17.49,0.66,0.7
10/23/2023 10:00,2.71,1.87,1.22,15.77,1.02,0.91
10/23/2023 10:20,2.76,1.96,1.22,14.35,0.79,1.11
10/23/2023 10:40,2.81,2.11,1.27,13.2,0.96,0.92
10/23/2023 11:00,2.73,2.11,1.43,13.99,1.18,0.89
10/23/2023 11:20,2.73,1.94,1.72,14.49,0.83,1.19
10/23/2023 11:40,2.72,2.05,2.05,15.66,1.38,1.16
10/23/2023 12:00,2.85,2.2,2.14,15.42,1.36,1.14
10/23/2023 12:20,2.85,2.14,2.32,15.38,1.39,1.45
10/23/2023 12:40,2.69,2.06,2.2,15.21,1.39,1.43
10/23/2023 13:00,2.63,2.08,2.12,15.24,1.46,1.23
10/23/2023 13:20,2.56,1.91,2.07,15.95,1.48,1.46
10/23/2023 13:40,2.48,1.66,2.01,15.77,1.42,1.6
10/23/2023 14:00,2.49,1.69,2.08,14.39,1.57,1.41
10/23/2023 14:20,2.62,1.61,2.22,13.93,1.68,1.43
10/23/2023 14:40,2.54,1.73,2.33,13.48,1.5,1.76
10/23/2023 15:00,2.66,1.74,2.51,13.57,1.73,1.8
10/23/2023 15:20,2.67,1.59,2.44,13.44,1.7,1.64
10/23/2023 15:40,2.43,1.52,2.41,13.43,1.34,1.51
10/23/2023 16:00,2.3,1.53,2.34,14.1,1.89,1.74
10/23/2023 16:20,2.19,1.27,2.33,14.31,0.81,1.77
10/23/2023 16:40,2.07,1.24,2.21,15.33,1.45,1.96
10/23/2023 17:00,1.92,1.16,2.15,14.87,1.57,1.87
10/23/2023 17:20,1.66,1.08,2.06,16.27,1.65,1.72
10/23/2023 17:40,1.48,0.92,1.93,20.05,0.82,1.63
10/23/2023 18:00,1.36,0.89,1.86,16.11,2.21,1.5
10/23/2023 18:20,1.36,0.85,1.84,16.28,1.76,1.88
10/23/2023 18:40,1.43,0.88,1.9,16.73,1.34,1.83
10/23/2023 19:00,1.49,1.01,1.94,17.09,1.92,1.66
10/23/2023 19:20,1.52,1.18,2,17.59,1.89,1.4
10/23/2023 19:40,1.73,1.47,2.11,18.84,2.11,1.89
10/23/2023 20:00,1.95,1.73,2.25,19.49,2.06,1.8
10/23/2023 20:20,2.09,1.89,2.35,19.74,1.48,1.66
10/23/2023 20:40,2.24,2.03,2.46,20.41,1.16,1.92
10/23/2023 21:00,2.25,2.2,2.54,21.01,2.02,1.92
10/23/2023 21:20,2.25,2.41,2.77,21.25,1.9,1.97
10/23/2023 21:40,2.38,2.73,2.91,21.15,1.76,2
10/23/2023 22:00,2.52,2.77,3.2,20.95,1.47,2.04
10/23/2023 22:20,2.75,3.03,3.5,20.28,1.68,1.84
10/23/2023 22:40,2.95,3.14,3.78,19.74,2.27,1.83
10/23/2023 23:00,3.24,2.89,4.04,18.7,2.09,2.03
10/23/2023 23:20,3.39,2.85,4.26,17.07,1.61,2.02
10/23/2023 23:40,3.41,2.72,4.29,16.25,2.39,2
10/24/2023 0:00,3.39,2.59,4.35,14.89,1.79,2.05
10/24/2023 0:20,3.3,2.37,4.26,13.59,1.23,2.11
10/24/2023 0:40,3.14,2.31,4.15,13.19,2.4,2.04
10/24/2023 1:00,2.95,2.03,3.88,12.98,2.47,2.03
10/24/2023 1:20,2.63,1.69,3.75,11.85,0.88,2.02
10/24/2023 1:40,2.33,1.6,3.72,10.9,1.79,2.16
10/24/2023 2:00,2.02,1.6,3.72,10.67,1.75,1.94
10/24/2023 2:20,1.75,1.6,3.72,10.16,1.55,1.95
10/24/2023 2:40,1.34,0.25,2.38,9.84,1.87,1.84
10/24/2023 3:00,1.01,0.08,2.3,9.16,1.27,1.75
10/24/2023 3:20,0.7,0.02,1.99,9.74,2.22,1.81
10/24/2023 3:40,0.67,0,1.64,10.06,1.38,1.74
10/24/2023 4:00,0.67,0,1.23,7.8,1.8,1.53
10/24/2023 4:20,0.09,-0.01,0.79,7.15,1.72,1.63
10/24/2023 4:40,0.03,-0.01,0.4,6.03,1.54,1.23
10/24/2023 5:00,0,0,0.12,5.88,1.3,0.96
10/24/2023 5:20,0,0,0.01,6.2,1.17,1.52
10/24/2023 5:40,0,-0.01,-0.01,6.57,1.08,0.97
10/24/2023 6:00,-0.01,-0.01,-0.01,6.26,1.11,0.8
10/24/2023 6:20,-0.01,-0.01,-0.01,8.81,0.94,1.09
10/24/2023 6:40,-0.01,0,0,10.99,0.85,0.83
10/24/2023 7:00,5.42,0,0.03,11.5,1.15,1.79
10/24/2023 7:20,-0.2,0.01,0.13,13.59,1.84,1.23
10/24/2023 7:40,0.02,0.07,0.27,14.16,0.76,0.67
10/24/2023 8:00,0.07,0.19,0.41,15.75,0.97,0.68
10/24/2023 8:20,0.19,0.34,0.62,16.69,0.76,0.68
10/24/2023 8:40,0.56,0.42,0.68,17.44,0.74,0.84
10/24/2023 9:00,1,0.65,0.95,18.1,0.75,0.93
10/24/2023 9:20,1.48,1.01,1.42,17.82,0.85,0.76
10/24/2023 9:40,2,1.29,1.83,16.4,1.02,0.95
10/24/2023 10:00,2.48,1.68,2.41,15.87,1.19,1.03
10/24/2023 10:20,2.96,2.24,2.68,15.26,0.9,1.47
10/24/2023 10:40,3.12,2.69,2.97,14.74,1.71,1.59
10/24/2023 11:00,3.56,2.7,3.16,14.32,1.46,1.35
10/24/2023 11:20,3.54,2.85,3.28,13.91,1.03,1.61
10/24/2023 11:40,3.35,3.14,3.29,13.9,1.65,1.6
10/24/2023 12:00,3.5,2.79,3.3,13.86,1.56,1.83
10/24/2023 12:20,3.58,2.72,3.37,14.03,2.14,1.85
10/24/2023 12:40,3.56,2.67,3.4,13.7,2.38,1.91
10/24/2023 13:00,3.49,2.5,3.44,14.55,1.96,2.11
10/24/2023 13:20,3.46,2.53,3.47,13.54,1.95,2.02
10/24/2023 13:40,3.28,2.31,3.53,13.24,1.14,1.95
10/24/2023 14:00,3.16,2.11,3.59,13.23,2.28,1.93
10/24/2023 14:20,3.1,2.11,3.57,13.12,1.27,2.14
10/24/2023 14:40,3,2.02,3.53,13.22,2.44,1.96
10/24/2023 15:00,2.96,1.75,3.49,13.21,2.66,2.05
10/24/2023 15:20,2.84,1.63,3.48,13.34,2.26,1.85
10/24/2023 15:40,2.79,1.46,3.43,13.55,2.15,1.96
10/24/2023 16:00,2.71,1.32,3.29,13.75,1.68,2.02
10/24/2023 16:20,2.65,1.13,3.26,14.1,2.2,1.83
10/24/2023 16:40,2.62,0.99,3.17,14.31,2.05,2.1
10/24/2023 17:00,2.41,0.89,3.15,14.86,2.21,2.11
10/24/2023 17:20,2.41,0.83,3.1,16.27,2.28,2.01
10/24/2023 17:40,2.49,0.8,3.07,16.45,2.16,1.84
10/24/2023 18:00,2.33,0.92,3.05,16.59,1.69,1.86
10/24/2023 18:20,2.3,0.93,3.06,16.9,2.14,1.8
10/24/2023 18:40,2.28,1.05,3.1,17.72,2.04,2.01
10/24/2023 19:00,2.38,1.1,3.11,17.55,1.38,2.05
10/24/2023 19:20,2.28,1.08,3.09,17.91,2.43,2.12
10/24/2023 19:40,2.25,1.08,3.12,18.54,2.43,1.99
10/24/2023 20:00,2.34,1.16,3.11,20.47,1.38,1.93
10/24/2023 20:20,2.21,1.27,3.11,20.51,2.19,1.94
10/24/2023 20:40,2.19,1.32,3.27,21.09,2.29,1.75
10/24/2023 21:00,2.32,1.63,3.54,21.42,1.2,2.1
10/24/2023 21:20,2.65,1.78,3.6,21.29,1.86,1.97
10/24/2023 21:40,2.89,2.19,3.76,20.85,2.3,1.9
10/24/2023 22:00,3.19,2.51,4.18,20.52,1.37,2.02
10/24/2023 22:20,3.6,2.91,4.4,20.03,1.2,2
10/24/2023 22:40,4.04,3.29,4.69,19.49,1.98,2.11
10/24/2023 23:00,3.98,3.21,4.92,18.33,2.31,2.09
10/24/2023 23:20,4.15,3.36,5.11,17.88,2.28,1.94
10/24/2023 23:40,4.07,3.36,5.07,16.77,2,1.83
10/25/2023 0:00,4.11,3.23,5.15,15.95,1.45,1.99
10/25/2023 0:20,4.03,2.85,5.14,14.85,2.22,2.02
10/25/2023 0:40,3.89,2.66,5.01,13.81,1.89,1.89
10/25/2023 1:00,3.7,2.54,4.88,12.3,1.63,2.16
10/25/2023 1:20,3.62,2.58,4.79,11.4,1.64,2.02
10/25/2023 1:40,3.44,2.58,4.79,10.71,1.78,2.06
10/25/2023 2:00,3.24,2.58,4.79,10.62,1.75,2.12
10/25/2023 2:20,2.73,1.23,3.45,10.1,1.34,2.04
10/25/2023 2:40,2.35,1,3.49,8.34,1.37,1.84
10/25/2023 3:00,1.88,0.71,3.09,8.43,2.37,1.91
10/25/2023 3:20,1.5,0.3,2.65,7.93,2.07,1.94
10/25/2023 3:40,1.1,0.09,2.18,7.75,1.7,1.64
10/25/2023 4:00,0.63,0.02,1.74,7.44,1.44,1.65
10/25/2023 4:20,0.34,0,1.33,6.94,0.98,1.58
10/25/2023 4:40,0.2,0.01,0.9,6.74,1.62,1.18
10/25/2023 5:00,0.09,0,0.59,6.1,0.93,1.37
10/25/2023 5:20,0.05,0.01,0.34,7.75,1.41,1.37
10/25/2023 5:40,0.04,-0.01,0.17,7.98,1.01,0.94
10/25/2023 6:00,0.02,0.02,0.09,8.37,0.95,1.06
10/25/2023 6:20,0.07,0.02,0.07,8.78,0.94,1.2
10/25/2023 6:40,0.07,0.05,0.06,9.47,1.12,0.71
10/25/2023 7:00,0.13,0.18,0.06,10.63,0.97,0.85
10/25/2023 7:20,0.18,0.37,0.06,12.42,0.82,0.83
10/25/2023 7:40,0.19,0.51,0.14,14,0.82,0.7
10/25/2023 8:00,0.26,0.68,0.29,15.71,0.68,0.6
10/25/2023 8:20,0.48,0.88,0.42,15.88,0.68,0.78
10/25/2023 8:40,0.86,1.12,0.71,17.58,0.79,0.77
10/25/2023 9:00,1.21,1.37,0.97,19.02,0.69,0.76
10/25/2023 9:20,1.58,1.76,1.31,18.45,0.66,0.73
10/25/2023 9:40,2.03,2.07,1.63,17.88,0.53,1.09
10/25/2023 10:00,2.51,2.78,1.95,15.54,1.12,1.1
10/25/2023 10:20,2.92,2.93,2.33,16.98,1.12,0.96
10/25/2023 10:40,3.35,3.44,2.69,16.77,0.66,1.33
10/25/2023 11:00,3.6,3.44,2.98,16.74,1.27,1.63
10/25/2023 11:20,4.12,3.89,3.31,16.13,1.25,1.67
10/25/2023 11:40,4.05,3.51,3.49,16.43,1.97,1.84
10/25/2023 12:00,4.06,3.53,3.56,15.92,1.94,1.82
10/25/2023 12:20,5.92,3.05,3.47,14.94,1.64,2.05
10/25/2023 12:40,3.65,2.87,3.43,13.98,1.77,1.97
10/25/2023 13:00,3.65,2.42,3.44,13.98,1.95,1.7
10/25/2023 13:20,3.55,2.27,3.42,13.72,1.66,1.62
10/25/2023 13:40,3.36,2.21,3.4,13.22,2.01,1.67
10/25/2023 14:00,5.93,1.92,3.43,13.15,2.2,1.86
10/25/2023 14:20,-0.21,2,3.34,12.97,1.75,2
10/25/2023 14:40,-0.21,1.76,3.28,12.69,1.23,0.61
10/25/2023 15:00,-0.22,1.51,3.24,12.88,0.65,0.57
10/25/2023 15:20,-0.21,1.26,2.98,15.37,0.68,0.78
10/25/2023 15:40,5.93,1.13,2.92,13.98,0.72,0.7
10/25/2023 16:00,5.93,0.89,2.78,13.45,1.28,1.81
10/25/2023 16:20,5.93,0.75,2.58,13.27,1.93,2.04
10/25/2023 16:40,3.78,0.53,2.43,14.01,2.39,2.12
10/25/2023 17:00,3.56,0.41,2.32,13.57,1.2,1.68
10/25/2023 17:20,2.96,0.3,2.21,15.45,1.24,1.57
10/25/2023 17:40,2.61,0.33,2.14,15.11,1.97,1.38
10/25/2023 18:00,2.37,0.39,2.08,14.32,0.77,1.69
10/25/2023 18:20,2.18,0.39,2.05,15.7,1.89,1.68
10/25/2023 18:40,2.17,0.44,2.11,16.07,1.89,1.47
10/25/2023 19:00,2.33,0.54,2.24,16.89,1.51,1.62
10/25/2023 19:20,2.39,0.8,2.39,16.3,1.9,1.63
10/25/2023 19:40,2.57,1.1,2.55,17.18,1.94,1.85
10/25/2023 20:00,2.77,1.35,2.63,19.04,1.8,1.82
10/25/2023 20:20,2.8,1.61,2.72,18.3,2.31,1.87
10/25/2023 20:40,2.83,1.87,2.81,19.59,1.2,2.05
10/25/2023 21:00,2.87,2.25,2.99,18.81,2.35,1.99
10/25/2023 21:20,5.93,2.45,3.06,21.78,2.17,2.05
10/25/2023 21:40,5.93,2.8,3.34,17.76,1.09,2.17
10/25/2023 22:00,-0.22,3.07,3.57,19.11,2,1.79
10/25/2023 22:20,-0.22,3.24,3.92,20.81,0.72,0.73
10/25/2023 22:40,3.81,3.25,3.92,18.15,0.78,0.75
10/25/2023 23:00,3.95,3.55,4.91,17.16,1.74,1.55
10/25/2023 23:20,4.55,3.69,4.79,16.28,1.23,1.84
10/25/2023 23:40,5.31,3.81,5.06,15.43,1.08,1.92
10/26/2023 0:00,5.57,3.72,5.06,13.91,1.29,2.02
10/26/2023 0:20,5.49,3.59,5.08,12.87,2.28,2.09
10/26/2023 0:40,5.36,3.59,4.94,14.26,1.08,2.08
10/26/2023 1:00,5.03,3.08,4.88,11.34,1.98,2.08
10/26/2023 1:20,4.72,2.84,4.78,11.26,2.31,1.95
10/26/2023 1:40,4.28,2.84,4.78,10.5,1.95,2.05
10/26/2023 2:00,4.01,1.9,4.78,10.09,2.55,1.89
10/26/2023 2:20,3.45,1.45,3.28,9.99,1.23,1.89
10/26/2023 2:40,3.07,1.39,3.28,9.71,1.61,1.98
10/26/2023 3:00,2.66,0.93,3.18,8.77,1.01,1.89
10/26/2023 3:20,5.92,0.58,2.85,8.49,2.2,1.95
10/26/2023 3:40,1.8,0.35,2.42,7.98,1.64,1.83
10/26/2023 4:00,1.64,0.14,2,7.32,0.8,1.14
10/26/2023 4:20,5.92,0.03,1.58,6.76,0.95,1.22
10/26/2023 4:40,0.57,-0.01,1.17,6.85,2.47,1.92
10/26/2023 5:00,0.53,-0.01,0.72,6.41,1,0.69
10/26/2023 5:20,0.36,-0.01,0.41,7.5,0.68,0.83
10/26/2023 5:40,0.16,-0.02,0.2,8.2,1.09,0.8
10/26/2023 6:00,0.08,-0.02,0.09,8.27,0.61,0.65
10/26/2023 6:20,0.11,-0.01,0.02,8.57,0.59,0.49
10/26/2023 6:40,0.13,-0.01,0,9.47,0.51,0.46
10/26/2023 7:00,0.13,0,0.01,10.1,0.27,0.42
10/26/2023 7:20,0.44,0.01,0.02,12.3,0.33,0.45
10/26/2023 7:40,0.6,0.02,0.11,13.84,0.41,0.4
10/26/2023 8:00,0.77,0.04,0.21,15.31,0.45,0.4
10/26/2023 8:20,1.17,0.04,0.45,16.29,0.42,0.38
10/26/2023 8:40,1.69,0.19,0.53,18.52,0.53,0.4
10/26/2023 9:00,2.17,0.39,0.9,19.45,0.68,0.62
10/26/2023 9:20,2.72,0.73,1.37,19.58,0.87,1
10/26/2023 9:40,3.05,1.27,1.85,19.28,0.81,0.92
10/26/2023 10:00,3.54,1.81,2.37,15.51,1.22,0.94
10/26/2023 10:20,3.74,2.4,2.91,17.43,1.27,1.25
10/26/2023 10:40,-0.2,3,3.36,17.04,0.78,0.69
10/26/2023 11:00,4.32,3.26,3.73,16.64,1.08,1.34
10/26/2023 11:20,4.77,3.7,4.01,16.34,1.79,1.58
10/26/2023 11:40,5.11,3.87,4.18,15.12,2.17,1.89
10/26/2023 12:00,5.2,3.92,4.25,14.12,1.21,2
10/26/2023 12:20,5.11,3.83,4.26,15.33,2.4,1.92
10/26/2023 12:40,4.85,3.52,4.15,13.79,2.44,2.03
10/26/2023 13:00,-0.19,3.18,4.15,12.5,1.92,1.26
10/26/2023 13:20,4.34,2.94,4.13,13.49,1.37,1.64
10/26/2023 13:40,4.01,2.71,4.17,13.03,1.69,2.01
10/26/2023 14:00,-0.16,2.48,4.05,15.7,0.96,1.45
10/26/2023 14:20,4.25,2.57,3.95,12.99,1.67,1.75
10/26/2023 14:40,-0.17,2.6,3.94,13.84,2.22,1.51
10/26/2023 15:00,-0.13,2.2,3.84,14.7,1.13,0.84
10/26/2023 15:20,-0.18,2.12,3.68,13.66,0.89,1.19
10/26/2023 15:40,-0.19,1.89,3.54,13.62,0.77,0.94
10/26/2023 16:00,3.7,1.65,3.36,14.31,0.88,1.48
10/26/2023 16:20,3.84,1.42,3.2,14.4,0.95,1.9
10/26/2023 16:40,3.92,1.27,3.09,14.33,1.86,1.92
10/26/2023 17:00,3.78,1.11,3.07,14.53,1.61,1.91
10/26/2023 17:20,3.65,0.97,3.09,16.12,1.67,1.96
10/26/2023 17:40,-0.16,0.92,3.17,19.22,2,1.62
10/26/2023 18:00,3.22,0.85,3.22,17.08,1.15,1.61
10/26/2023 18:20,-0.13,0.86,3.32,16.16,1.91,1.66
10/26/2023 18:40,-0.16,0.85,3.27,14.01,0.94,0.98
10/26/2023 19:00,-0.17,0.76,3.27,15.45,1.27,1.21
10/26/2023 19:20,3.1,0.76,3.18,16.77,1.14,1.54
10/26/2023 19:40,3.27,0.92,3.23,20.7,1.45,1.82
10/26/2023 20:00,3.53,1.23,3.54,19.3,1.11,1.79
10/26/2023 20:20,4.01,1.28,3.85,19.4,2,1.83
10/26/2023 20:40,4.02,1.81,3.92,19.83,1.57,1.97
10/26/2023 21:00,4.03,1.9,4.08,17.51,2.52,2.12
10/26/2023 21:20,3.66,2.05,4.14,19.11,1.67,2.09
10/26/2023 21:40,3.79,1.9,4.22,19.49,2.32,2.05
10/26/2023 22:00,3.8,1.88,4.43,21.58,1.69,1.99
10/26/2023 22:20,4.09,2.24,4.69,19.51,2.5,1.92
10/26/2023 22:40,4.43,2.63,4.99,18.7,2.3,1.94
10/26/2023 23:00,5.63,2.75,5.14,16.43,2.35,1.99
10/26/2023 23:20,4.22,2.95,5.2,15.69,1.49,1.94
10/26/2023 23:40,4.07,2.94,5.03,16.15,2.4,1.89
10/27/2023 0:00,4.15,2.81,5.17,18.27,2.36,1.88
10/27/2023 0:20,5.62,2.72,5.39,15.39,1.49,1.92
10/27/2023 0:40,4.57,2.74,5.49,13.01,2.32,2.03
10/27/2023 1:00,4.71,3.01,5.55,11.82,2.36,1.97
10/27/2023 1:20,4.31,3.11,5.55,11.19,1.36,1.94
10/27/2023 1:40,4.08,3.11,5.55,10.48,2.51,2.16
10/27/2023 2:00,3.64,3.11,5.07,10.4,2.34,2
10/27/2023 2:20,3.47,1.95,3.92,10.04,2.37,2.15
10/27/2023 2:40,3.05,1.58,4.1,9.54,2.62,1.95
10/27/2023 3:00,2.72,1.01,3.8,8.8,1.8,2.11
10/27/2023 3:20,2.27,0.74,3.48,8.4,1.31,1.84
10/27/2023 3:40,5.6,0.38,3.19,8.06,2.38,1.81
10/27/2023 4:00,1.62,0.19,2.81,7.46,0.86,1.46
10/27/2023 4:20,1.18,0.04,2.35,7.41,1.42,1.12
10/27/2023 4:40,0.77,0.01,1.89,7.42,0.8,1.02
10/27/2023 5:00,-0.21,-0.01,1.43,7.4,0.9,0.84
10/27/2023 5:20,0.37,-0.02,0.92,7.65,0.7,0.83
10/27/2023 5:40,0.32,-0.03,0.5,8.18,0.73,0.7
10/27/2023 6:00,5.6,-0.02,0.24,8.88,1.35,1.62
10/27/2023 6:20,0.26,-0.02,0,9.38,1.56,1.01
10/27/2023 6:40,0.24,-0.03,-0.07,10.18,0.62,0.87
10/27/2023 7:00,0.82,1.68,-0.07,11.29,0.77,0.58
10/27/2023 7:20,0.26,-0.02,-0.09,12.93,0.99,0.83
10/27/2023 7:40,0.14,-0.02,-0.09,14.56,0.62,0.82
10/27/2023 8:00,0.03,-0.02,-0.09,16.18,0.63,0.34
10/27/2023 8:20,0.02,0,-0.09,17.4,0.49,0.39
10/27/2023 8:40,0.06,-0.01,-0.11,18.27,0.42,0.39
10/27/2023 9:00,0.09,-0.01,-0.1,17.91,0.38,0.52
10/27/2023 9:20,0.21,0.02,-0.05,17.29,0.35,0.37
10/27/2023 9:40,0.15,0.02,0,16.35,0.35,0.26
10/27/2023 10:00,0.86,0.15,0.21,15.72,0.33,0.34
10/27/2023 10:20,1.07,0.37,0.4,15.11,0.42,0.31
10/27/2023 10:40,-0.2,0.72,0.67,14.87,0.32,0.32
10/27/2023 11:00,2.19,1.02,0.96,16.38,0.5,0.58
10/27/2023 11:20,-0.25,1.6,1.33,16.55,0.43,0.43
10/27/2023 11:40,3.2,2.15,1.71,17.38,0.8,0.88
10/27/2023 12:00,3.6,2.48,2.18,17.48,1.27,1.27
10/27/2023 12:20,-0.19,2.93,2.51,17.07,0.72,0.54
10/27/2023 12:40,4.27,3.66,2.8,17.45,0.91,1.28
10/27/2023 13:00,4.96,3.89,3.06,16.39,2.16,1.64
10/27/2023 13:20,4.86,3.95,3.3,15.96,1.68,1.67
10/27/2023 13:40,4.95,3.78,3.39,15.38,1.39,1.88
10/27/2023 14:00,4.9,3.32,3.57,15.21,2.17,2.03
10/27/2023 14:20,4.83,3.42,3.81,14.78,2.17,2.04
10/27/2023 14:40,4.85,2.95,3.89,14.24,2.47,1.94
10/27/2023 15:00,4.74,2.79,4.11,14.04,2.75,2.04
10/27/2023 15:20,4.67,2.76,4.17,13.72,2.39,1.99
10/27/2023 15:40,4.57,2.72,4.31,14.17,2.03,2.01
10/27/2023 16:00,4.43,2.73,4.26,14.84,1.93,1.99
10/27/2023 16:20,4.21,2.67,4.32,15.42,0.98,1.95
10/27/2023 16:40,4.14,2.25,4.3,15.28,1.16,1.93
10/27/2023 17:00,4.2,2.11,4.29,15.54,2.19,1.82
10/27/2023 17:20,4.2,1.96,4.25,16.87,2.13,1.89
10/27/2023 17:40,4.12,1.97,4.26,16.95,2.02,1.99
10/27/2023 18:00,4.09,2,4.31,16.81,2.2,1.99
10/27/2023 18:20,4.12,2.02,4.37,16.54,1.62,1.87
10/27/2023 18:40,4.13,1.89,4.44,17.46,1.48,1.95
10/27/2023 19:00,4.1,2.04,4.42,18.95,1.5,2.07
10/27/2023 19:20,4.17,1.91,4.49,18.37,2.41,1.85
10/27/2023 19:40,4.08,1.94,4.42,18.44,2.21,2.14
10/27/2023 20:00,3.78,2.14,4.4,17.53,2.07,1.97
10/27/2023 20:20,3.65,1.8,4.49,15.16,2.07,1.98
10/27/2023 20:40,3.46,1.55,4.27,16.2,1.8,1.99
10/27/2023 21:00,3.47,1.46,4.15,17.29,2.05,1.84
10/27/2023 21:20,3.62,1.51,4.22,17.49,2.04,1.73
10/27/2023 21:40,3.91,1.84,4.54,17.57,1.51,1.69
10/27/2023 22:00,4.24,2.05,4.85,17.42,1.79,1.8
10/27/2023 22:20,4.64,2.41,5.12,19.8,1.98,1.94
10/27/2023 22:40,4.82,2.47,5.37,17.32,1.93,1.88
10/27/2023 23:00,4.83,2.87,5.42,16.68,2.22,1.96
10/27/2023 23:20,4.68,2.81,5.35,16.4,2.39,2.1
10/27/2023 23:40,4.46,2.67,5.18,15.22,1.19,2.08
10/28/2023 0:00,4.26,2.63,4.98,14.14,1.87,2.09
10/28/2023 0:20,4.08,2.39,4.84,14.2,1.72,2.06
10/28/2023 0:40,3.92,1.99,4.71,13.81,2.19,1.98
10/28/2023 1:00,3.9,2.02,4.67,13.48,2.27,2.02
10/28/2023 1:20,3.88,1.78,4.73,12.43,2.09,1.77
10/28/2023 1:40,3.67,1.78,4.73,12.5,2.3,2.06
10/28/2023 2:00,3.51,1.67,4.16,11.84,1.29,1.9
10/28/2023 2:20,3.25,1.33,4.12,10.82,2.09,2.15
10/28/2023 2:40,3.04,1.3,4.16,10.38,1.69,2.11
10/28/2023 3:00,2.8,1.21,3.8,9.96,2.21,2.2
10/28/2023 3:20,2.36,0.94,3.42,9.58,2.13,2.22
10/28/2023 3:40,1.89,0.5,2.92,9.38,2.35,2.13
10/28/2023 4:00,1.47,0.25,2.59,9.07,1.91,2.06
10/28/2023 4:20,1.03,0.11,2.18,8.83,1.51,1.9
10/28/2023 4:40,0.64,0.05,1.81,8.58,2.19,1.87
10/28/2023 5:00,0.34,0.06,1.39,9.01,1.06,1.85
10/28/2023 5:20,0.15,0.03,1,9.36,1.69,1.29
10/28/2023 5:40,0.09,0.03,0.66,7.81,1.15,1.2
10/28/2023 6:00,0.05,0.04,0.41,8.02,1.18,1.15
10/28/2023 6:20,0.08,0.02,0.15,8.34,1.13,1.28
10/28/2023 6:40,0.05,0.02,0.04,8.42,1.11,1.27
10/28/2023 7:00,0.05,0.02,0,8.28,1.05,0.81
10/28/2023 7:20,0.05,0.03,-0.01,8.89,1.24,1.32
10/28/2023 7:40,0.04,0.03,-0.01,9.91,1.01,0.53
10/28/2023 8:00,0.06,0.02,-0.01,10.74,0.79,0.99
10/28/2023 8:20,0.05,0.02,0,12.11,0.83,0.92
10/28/2023 8:40,0.05,0.03,0.02,12.72,0.6,0.34
10/28/2023 9:00,0.04,0.06,0,14.77,0.7,0.49
10/28/2023 9:20,0.07,0.1,-0.03,15.31,0.5,0.54
10/28/2023 9:40,0.19,0.16,0.03,14.89,0.48,0.4
10/28/2023 10:00,0.33,0.27,0.06,15.61,0.52,0.36
10/28/2023 10:20,0.69,0.65,0.32,17.64,0.53,0.36
10/28/2023 10:40,1.35,1.34,0.64,18.04,0.54,0.4
10/28/2023 11:00,2.37,1.96,1.23,18.05,0.49,0.31
10/28/2023 11:20,3.15,2.95,1.73,18.05,0.88,0.34
10/28/2023 11:40,3.76,3.26,2.16,18.44,1.16,0.37
10/28/2023 12:00,4.37,3.52,2.51,18.66,1.35,0.33
10/28/2023 12:20,4.59,3.55,2.65,18.18,1.52,0.41
10/28/2023 12:40,4.59,3.75,2.8,17.6,1.83,0.43
10/28/2023 13:00,4.55,3.42,2.94,17.44,1.8,0.4
10/28/2023 13:20,4.64,3.12,3.19,17.87,1.93,0.44
10/28/2023 13:40,4.89,3.01,3.41,17.72,2.23,0.43
10/28/2023 14:00,5.04,2.9,3.69,17.32,1.98,0.46
10/28/2023 14:20,5.13,2.99,3.94,16.5,1.92,0.46
10/28/2023 14:40,5.35,3.17,4.28,16.53,1.88,0.46
10/28/2023 15:00,5.49,3.14,4.34,16.85,2.23,0.46
10/28/2023 15:20,5.67,2.99,4.55,15.85,2.01,0.47
10/28/2023 15:40,5.79,2.78,4.65,15.99,2.03,0.65
10/28/2023 16:00,5.9,2.92,4.84,16.38,1.98,3.15
10/28/2023 16:20,5.93,3.3,4.95,16.48,1.86,3.18
10/28/2023 16:40,5.84,3.15,5,17.3,2.5,2.82
10/28/2023 17:00,5.63,3.1,5.06,16.47,2.28,2.59
10/28/2023 17:20,5.36,2.94,5.14,17.62,2.06,2.07
10/28/2023 17:40,5.19,3.24,5.24,18.44,1.91,2.04
10/28/2023 18:00,5.06,3.13,5.35,17.5,2.23,1.89
10/28/2023 18:20,5.07,3.13,5.36,17.08,1.5,1.85
10/28/2023 18:40,5.1,3.23,5.36,16.93,1.51,1.98
10/28/2023 19:00,5.05,3.48,5.31,17.1,2.54,1.97
10/28/2023 19:20,4.97,3.22,5.35,17.31,1.73,1.95
10/28/2023 19:40,4.89,3.25,5.32,17.18,2.2,2.03
10/28/2023 20:00,4.85,3.37,5.36,17.33,1.69,1.99
10/28/2023 20:20,4.71,3.43,5.32,18.88,2.25,2.06
10/28/2023 20:40,4.73,3.34,5.3,18.17,2.49,1.85
10/28/2023 21:00,4.64,3.07,5.19,17.35,2.25,1.91
10/28/2023 21:20,4.55,2.97,5.04,17.02,2.22,2.03
10/28/2023 21:40,4.21,2.65,4.98,16.59,2.09,1.89
10/28/2023 22:00,4.02,2.44,4.73,16.31,2.13,1.89
10/28/2023 22:20,3.88,2.27,4.73,17.06,2.1,1.92
10/28/2023 22:40,3.71,2.21,4.77,16.27,2.23,1.94
10/28/2023 23:00,3.71,1.87,4.78,15.91,2.07,2.01
10/28/2023 23:20,3.75,1.85,4.75,15.54,2.31,2.03
10/28/2023 23:40,3.62,1.92,4.77,14.82,2.2,2.06
